priority,name,city,strategy,category,rating,reviews,price_from,website,what,why,gift_cert_ready,visual_score,set_fit,social,followers,rating_source,note,yandex_maps_query,yandex_maps_url,source,confidence,maybe_partner,status,comment
A,Whisky Rooms,Москва,premium,Виски-дегустации / клубные вечера,5.0,975,9000,https://whisky-rooms.ru/,Клубный вечер-дегустация виски с гастросетом и виски-экспертом в ресторане с коллекцией 300+ виски у Красной площади.,"5.0 при 975 оценках на Яндекс Картах, еженедельные дегустации, собственный сертификат на сайте; исторический интерьер XIX века.",True,5,Для двоих;Для мужчин;Премиум,,,,,Whisky Rooms Леонтьевский переулок 8,,https://yandex.ru/maps/org/whisky_rooms/1344076335/,high,ROOMS,,
A,MAG Aero (полёты над Москвой),МО,air,вертолёт / самолёт,5.0,909,3900,https://magaero-msk.ru/polet-na-vertolete,"Полёты на вертолёте Robinson R44 и самолётах с аэродрома Мячково: обзорные над Подмосковьем, «свидание в самолёте», подарочные сертификаты.","Рейтинг 5.0 на Яндекс Картах при 909 оценках, готовая витрина сертификатов; есть жалобы на переносы по погоде — уточнить SLA.",True,4,Для двоих;Для мужчин;Универсальные,,,,,Mag Aero аэродром Мячково,,https://yandex.com/maps/org/mag_aero/49675590159/reviews/,high,,,
A,Dream Aero (авиатренажёр Boeing 737 / A320),Москва,air,авиасимулятор,5.0,741,5000,https://dream-aero.ru/,"Полнофункциональный тренажёр Boeing 737NG и Airbus A320 на подвижной платформе (создан с а/к «Россия»), сессии 30–180 мин с инструктором.","Профессиональный full-motion тренажёр — премиальнее Cessna-симуляторов из базы; много отзывов на Яндекс Картах, irecommend; сертификаты популярны как подарок.",True,4,Для двоих;Для мужчин;Универсальные,,,yandex,"Сеть: 3+ локации в Москве (Пресненская наб., Рио Дмитровка, Columbus). Награда Яндекс «Good place 2026». 2ГИС 5.0 (9 оценок)",авиатренажер Dream Aero Пражская,,https://yandex.com/maps/org/aviatrenazher_dream_aero/120979379226/reviews/,high,,,
A,"Парк альпак «Симба» (Мистолово, Охта Парк)",СПб и ЛО,family,Ферма альпак,5.0,436,,https://spb.parkalpak.ru/,"Контактный парк альпак у курорта Охта Парк: свободный выгул альпак, кормление вне вольеров, ламы, козы, кролики, европейские лани.","20 минут от КАД, самый близкий к городу альпака-парк; сочетается с Охта Парком (каток, склоны) — сильный зимний семейный маршрут.",,5,Для детей;Универсальные,,,2gis,"это федеральная сеть (Москва, Казань, Уфа...); 2ГИС 5.0/436 для Мистолово",Парк альпак Симба Мистолово,,https://spb.parkalpak.ru/,medium,,,
A,Парк альпак «Симба» + Охта Парк,СПб и ЛО,country,Загородный день у курорта,5.0,436,,https://spb.parkalpak.ru/,"Альпака-парк на территории курорта Охта Парк (Мистолово): прогулка с животными, рядом каток, склоны и рестораны курорта.","Готовый загородный маршрут на день в 20 минутах от КАД, круглогодично.",,5,Для двоих,,,2gis,"дубликат записи «Парк альпак Симба (Мистолово)» — те же данные, отдельный запрос не делался",Парк альпак Мистолово Людмилы Кедриной 20,,https://spb.parkalpak.ru/,medium,,,
A,Moscow Dream Cars,Москва,premium,Аренда суперкаров / тест-драйв,5.0,358,,https://moscowdreamcars.ru/,"Аренда или тест-драйв Ferrari, Lamborghini, Rolls-Royce с водителем и без; сертификат на аренду премиум-авто.","5.0 при 358 оценках на Яндекс Картах, огромный автопарк, на сайте отдельная страница подарочного сертификата.",True,5,Для двоих;Для мужчин;Премиум,,,,,Moscow Dream Cars Усачёва 22,,https://yandex.com/maps/org/moscow_dream_cars/207751665699/,high,,,
A,Ляг Спиной (студия массажа),Москва,beauty,Массаж с сильным брендом,5.0,333,4500,,"Часовой авторский массаж (лицо/тело, спортивный, расслабляющий) в «самой модной студии массажа Москвы и Питера».","Узнаваемый молодой бренд с дерзким неймингом и визуалом, есть в обоих городах; чек от 4500 ₽ попадает в целевой диапазон.",,4,Для двоих;Для женщин,,,other,"5.0/333 и 5.0/301 на двух локациях (площадка в сниппете не названа, есть карточки Яндекс/2ГИС/T-Bank); сеть: Итальянская 17, наб. Макарова 24; сайт не найден (lyagspinoy)",Ляг Спиной студия массажа,,https://top15moscow.ru/novosti/5-luchsih-massazhnyh-salonov-peterburga,medium,,,
A,Ляг Спиной (студия массажа),Санкт-Петербург,beauty,Массаж с сильным брендом,5.0,333,4500,,Часовой авторский массаж в петербургской студии бренда «Ляг Спиной».,"Тот же бренд для СПб; сильная соцсеть-подача, чек от 4500 ₽.",,4,Для двоих;Для женщин,,,other,"5.0/333 и 5.0/301 на двух локациях (площадка в сниппете не названа, есть карточки Яндекс/2ГИС/T-Bank); сеть: Итальянская 17, наб. Макарова 24; сайт не найден (lyagspinoy)",Ляг Спиной массаж Санкт-Петербург,,https://top15moscow.ru/novosti/5-luchsih-massazhnyh-salonov-peterburga,medium,,,
A,Yahmur (центр релаксации и звуковых медитаций),Москва,mindful,Звуковые ванны + спа,5.0,109,,https://www.yahmur.space/,"Гонг-медитации в гамаках, гвоздестояние и спа-процедуры в одном центре.",Сочетание sound healing и спа даёт готовую «программу на вечер» под сертификат.,,4,Для двоих;Для женщин,,,2gis,"Сеть: 4 филиала (пр. Мира 71, Покровка 9, Волхонка 7/6 и др.). Zoon 4.8",Yahmur центр релаксации Москва,,https://www.yahmur.space/,low,,,
A,ZoomRacing (симрейсинг-клуб),Санкт-Петербург,tech,sim racing,5.0,67,1500,https://zoomracing.ru/,"Клуб симрейсинга у м. Балтийская (Измайловский б-р, 1к2): direct-drive симуляторы MOZA с force feedback и load-cell педалями, регулируемые кокпиты.","Профессиональное «железо», подходит и новичкам, в топ-10 симрейсинга СПб по vc.ru; категории sim racing в базе партнёров пока нет.",,4,Для мужчин;Универсальные,,,yandex,"Яндекс Карты 5.0/67 (Измайловский бульвар 1к2); это сеть: Магнитогорская 5.0, Шереметьевская 3.0 (Zoon)",ZoomRacing симрейсинг Измайловский бульвар,,https://vc.ru/services/2002596-simreysing-v-sankt-peterburge-top-10-mest,medium,,,
A,Глэмпинг Green Point — купол с чаном для двоих,МО,country|romance,Романтический побег загородом,5.0,60,,https://gpglamp.ru/,"Три купола Freedome с кроватью king size, панорамными окнами, террасой и собственным сибирским чаном у реки в Тучково; SPA-купол с сауной, хамамом и кедровой бочкой.",«Ночь в куполе + чан под звёздами» — самый востребованный формат романтического сертификата; 70 км от Москвы.,,5,Для двоих,,,other,"5.0/60 отзывов и 9.8 на площадках бронирования (Островок/Яндекс Путешествия и т.п.). 3 купольных домика, Тучково, 70 км по Минскому ш.",Глэмпинг Green Point Тучково,,https://welcome.mosreg.ru/oteli/glemping-green-point,medium,,,
A,Точка Импро,Санкт-Петербург,learn,Импровизация / стендап,5.0,58,,https://tochkaimpro.ru/,Школа актёрской импровизации и юмора в центре СПб: выход на настоящую сцену через 8 занятий; есть курс стендапа.,Импро-школа с регулярными событиями на TimePad — живое комьюнити и понятный результат.,,3,Для женщин;Универсальные,,,2gis,"2ГИС 5.0/58 (Мира 3а); Zoon 5, Yell 5; есть карточка Яндекс Карт",Точка Импро школа импровизации Санкт-Петербург,,https://tochkaimpro.ru/,medium,,,
A,VAZA — студия керамики и живописи,Санкт-Петербург,viral,арт-студия / керамика,5.0,28,,https://vazastudio.ru/,"Камерные мастер-классы по керамике, живописи и другим техникам «для тех, кто никогда не пробовал»; чай, фото- и видеосъёмка процесса с отправкой участникам; девичники и частные события.","Рейтинг 5.0 (28 отзывов на 2ГИС), студия сама снимает контент на каждом занятии — готовый механизм вирусности; «эстетичное пространство для творчества» — прямой аналог Fraumilk в керамике.",,5,Для двоих;Для женщин;Универсальные,https://www.instagram.com/vaza_studio.spb/,,,,VAZA студия керамики и живописи Санкт-Петербург,,https://2gis.ru/spb/firm/70000001068501855,medium,,,
A,Сила ветра,Москва,water,яхтинг / регаты,5.0,25,5000,https://silavetra.com/certificate,"Тренировки и вечерние регаты на яхтах в Москве (Строгино/Пироговское), школа капитанов, парусные путешествия.","Самый медийный яхтенный бренд России с молодой аудиторией и отличным визуалом, собственный подарочный сертификат; также работает в СПб.",True,5,Для двоих;Для мужчин;Универсальные,,,2gis,"Сеть (Москва, Санкт-Петербург и др.); карточки Яндекс Карт по Строгинскому ш. Есть жалоба о невозврате денег при отмене из-за штиля",Сила ветра яхтинг Москва,,https://silavetra.com/certificate,high,,,
A,МИР РА (студия гонг-медитаций),Москва,mindful,Гонг-медитация / sound healing,5.0,16,,https://gong-meditation.ru/,"Гонг-медитация в гамаке с двумя большими гонгами PAISTE, массаж поющими чашами, гвоздестояние — в 7 минутах от Таганской.","800+ отзывов и 12 000 гостей за 3 года, премиальная студия; sound healing — топ-тренд 2025–2026 в подарках «для себя».",,4,Для двоих;Для женщин,,,2gis,"Есть карточка на Яндекс Картах (Пролетарская); сайт заявляет 800+ отзывов, 12 000 гостей за 3 года",Мир РА гонг-медитация Гвоздева 7/4,,https://gong-meditation.ru/studio,medium,,,
A,Московская Школа Мозаики (МШМ),Москва,craft,Мозаика,5.0,10,,https://moscowmosaic.school/,"Мастер-класс одного занятия: декоративная работа в античном (римская смальта) или современном стиле, на ВДНХ.",Профильная школа мозаики с широким спектром техник; мозаика — свежая для подарочного рынка ниша.,,4,Для мужчин;Для женщин;Универсальные,,,2gis,Карточка Яндекс Карт есть. Zoon указывает второй адрес — Новодмитровская 1с1,Московская Школа Мозаики ВДНХ,,https://moscowmosaic.school/master-classes,medium,,,
A,Femme Libre — арома-мастерская,Москва,viral,арт-студия,5.0,9,3500,https://femmelibre.ru,"Уютная арома-мастерская на Пречистенке: мастер-классы по ароматическим свечам, интерьерному арт-декору и твёрдым духам, групповые встречи каждые выходные.","«Girls night»-эстетика в чистом виде: женское комьюнити, красивый интерьер в центре, сюжет на Москва 24 (2025), 5.0 на 2ГИС, продают подарочные сертификаты.",True,5,Для двоих;Для женщин;Универсальные,,,,,Femme Libre Пречистенка 25,,https://femmelibre.ru/certificate,high,,,
A,Школа парфюмерии «Я творю»,Москва,craft,Парфюмерия — свой аромат,5.0,5,,https://parfum.itvoru.studio/msk,"2,5–3 часа с парфюмером: собираешь собственную формулу и уносишь духи в подарочной упаковке.","Есть отдельный лендинг подарочных сертификатов, индивидуальный и групповой формат; парфюмерные МК — топ-запрос на подарок.",True,4,Для мужчин;Для женщин;Универсальные,,,2gis,"Мало оценок (2ГИС 5.0/5, Яндекс 5.0/3). Сеть: две точки в Москве (М. Златоустинский / Мясницкая) + другие города",Школа парфюмерии Я творю Москва,,https://parfum.itvoru.studio/msk/master-classes,medium,,,
A,Концерт в темноте,Москва,viral,шоу,5.0,5,1100,https://concertinthedark.ru/,"Концерты и спектакли в абсолютной темноте на Тверской, 14: классика, джаз, дудук, этника, грузинский хор; несколько раз в месяц.","Билеты в день события купить почти невозможно, 5.0 на 2ГИС; формат «в темноте» — вирусный и эмоциональный, чек 1 100–2 000 руб.",,4,Для двоих;Для женщин;Универсальные,,,,,Концерт в темноте Тверская 14,,https://www.vedomosti.ru/gorod/leisuretime/articles/kak-ustroeni-kontserti-v-temnote,high,,,
A,GlassBaker,Москва,craft,Стекло — витраж/фьюзинг/лэмпворк,5.0,3,,https://glassbaker.art/,"Занятия по витражу Тиффани, лэмпворку, фьюзингу и стеклянной мозаике в Усадьбе Измайлово; изделие забираешь в тот же день или после остывания.","Полный набор стеклянных техник в одной мастерской, подходит парам и компаниям; локация в усадьбе — фотогенично.",,4,Для мужчин;Для женщин;Универсальные,,,2gis,"Очень мало оценок (2ГИС 5.0/3, Zoon 4.0/1). Адрес: Измайловский остров, городок Баумана 2/1",GlassBaker мастерская стекла Измайлово,,https://glassbaker.art/study/,medium,,,
A,Relaxiya (центр спа-релаксации и флоатинга),Москва,relax,Флоатинг + спа,5.0,,2600,https://relaxiya.ru/,"Флоат-капсула в связке со спа-ритуалом и массажем (флоатинг-дуэт, «полное погружение»).","№1 флоатинг Москвы по версии VC.ru, 4.9 на 2ГИС и 5.0 на Яндекс Картах; на сайте есть сертификаты, сочетание флоатинг+массаж хорошо продаётся как подарок.",True,4,Для двоих;Для женщин;Универсальные,,,,,Релаксия спа флоатинг Щукинская 2,,https://relaxiya.ru/,medium,,,
A,Vorya Club,МО,country,Глэмпинг с чаном и сауной,5.0,,10000,https://tripinglamp.ru/glampings/vorya-club/,"6 барнхаусов на берегу реки Воря (Щёлково) с панорамными окнами, горячим чаном и финской сауной, SUP-прокат, онлайн-кинотеатр.","Средняя оценка гостей 5/5 на агрегаторах, 30 км от МКАД; проживание от 10 000 ₽, баня от 5 000 ₽ — чек в целевом диапазоне.",,5,Для двоих,,,,,Vorya Club глэмпинг Аксиньино Щёлково,,https://glampspace.ru/object/vorya-club/,medium,,,
A,Кино Хауз (Москва) — антикинотеатр для двоих,Москва,romance,приватный кинотеатр,4.9,1261,,https://msk.kinohouse.me/,"Сеть приватных кинозалов, зал №4 «для двоих» с диваном, свечами, лепестками и ужином на заказ.","Рейтинг Яндекс 4.9 при 1261 отзыве, работают с 2012 г. — самый проверенный кинотеатр-для-двоих в Москве.",,4,Для двоих,,,,,Кино Хауз антикинотеатр Москва,,https://msk.kinohouse.me/halls/hall-4/,high,,,
A,Термы Gremm,Москва,season,Термальный комплекс,4.9,843,,,"Термальный SPA-комплекс на Варшавском шоссе с бассейном на крыше, банями и гастрономией.",Назван лучшим SPA-центром 2026 в рейтинге терм Москвы; открытый бассейн на крыше зимой — визуально сильный сезонный формат для пары.,,5,Для мужчин;Универсальные,,,yandex,"Яндекс 4.9 (843 оценки), «Лучший SPA-центр 2026»; 2ГИС 4.9 (801). Варшавское ш. 150Б",Gremm термы Варшавское шоссе,,https://tenchat.ru/media/3594051-luchshiye-termalnyye-kompleksy-moskvy-top9-reyting-term,medium,,,
A,Sky Wood Hills,СПб и ЛО,country,"Глэмпинг-парк с A-frame, куполами и баней у озера",4.9,744,7500,https://skywoodhills.com/,"Большой прибрежный глэмпинг в Выборгском районе: A-frame, safari-lodge, купола-«соты», панорамный ресторан, баня и офуро у озера.","Рейтинг 4.9 при 744 отзывах на Яндекс Картах, цены от 7 500 ₽ — масштабный и стабильный оператор с сильным визуалом.",,5,Для двоих,,,,,Sky Wood Hills глэмпинг Выборгский район,,https://zoon.ru/spb/holiday_house/glemping_sky_wood_hills/,high,,,
A,Музей занимательных наук «Экспериментаниум»,Москва,family,Музей науки / экспериментариум,4.9,618,,https://experimentanium.ru/,"Три этажа и 300+ интерактивных экспонатов, научные шоу и мастер-классы по выходным, в 2026 — интерактивный научный спектакль «Отдел космических испытаний».","Флагманский научный музей Москвы, премия 2026, 358 отзывов на OSD со средней 5/5; семейный билет + шоу — понятный сертификат.",,4,Для детей;Универсальные,,,2gis,2ГИС 4.9 (618 оценок / 398 отзывов); Zoon 4.4. Карточка Яндекс Карт есть,Экспериментаниум Ленинградский проспект 80,,https://www.osd.ru/objinf.asp?ob=1206,high,,,
A,Мы Дома — Зеркальный лес,МО,romance,ночь в необычном отеле,4.9,581,7900,https://travel.yandex.ru/hotels/moscow-oblast/my-doma-zerkalnyi-les/,"Зеркальные домики и дом на дереве для двоих в д. Шелково, ванна с видом на лес, 3 оленя на территории.","Рейтинг 4.9 при 581 отзыве, от 7900–9090 ₽/ночь — самый сильный «инстаграмный» отель для двоих под Москвой.",,5,Для двоих,,,,,Мы дома Зеркальный лес Шелково,,https://otello.ru/hotel/70000001103930926/reviews,high,,,
A,Охта Кай (OHTAKAI),СПб и ЛО,relax,Термальный спа-комплекс,4.9,573,,https://ohtakai.ru/,"Термальные зоны, хаммам, финская сауна, бассейн, медитации и спа на курорте «Охта Парк».","4.9 при 573 оценках — лучший рейтинг среди терм Петербурга; загородный курортный визуал, круглогодичная загрузка.",,5,Для двоих;Для женщин;Универсальные,,,,,Охта Кай СПА-комплекс Мистолово Охта Парк,,https://2gis.ru/spb/firm/70000001075218855,high,,,
A,Siberia (банный спа-комплекс),Москва,relax,Авторская баня премиум,4.9,503,6250,https://siberia-spa.ru/,"Приватный банный вечер в одной из 5 авторских бань (Кочевник, Знахарь, Таёжная изба, Ольхон, Курная изба) с программами парения и паровой медитацией.","Открылся в 2025 и сразу стал флагманом «нового русского велнеса»; 4.9 при 500+ отзывах, яркие интерьеры, на сайте готовые сертификаты.",True,5,Для двоих;Для женщин;Универсальные,,,,,Siberia баня Образцова 31 Москва,,https://sauna.ru/banya-bannyjj-kompleks-siberia,high,,,
A,Зооферма Шихово,МО,country|family,Зооферма / контактная ферма,4.9,225,1000,https://shihovopark.ru/,"Агротуристический парк в Дмитровском округе: Олений парк, Хаски-остров, «Пушистая деревня» с альпаками, тропикариум, крокодилы, конюшня, мастер-классы и анимация.","Более 80 животных, комплексный билет и готовые семейные программы; высокий рейтинг при большом числе отзывов (4.9, 225 на 2ГИС). Не входит в список исключений.",,4,Для двоих;Для детей;Универсальные,,,,,Зооферма Шихово Дмитровский округ,,https://2gis.ru/moscow/firm/70000001049076969,high,,,
A,Кино Хауз (СПб) — антикинотеатр для двоих,Санкт-Петербург,romance,приватный кинотеатр,4.9,216,900,https://spb.kinohouse.me/,"8 приватных кинозалов у м. Чернышевская (ул. Чайковского, 24), комната на двоих от 900 ₽/час, зал можно украсить под свидание.",Рейтинг 4.9 при 216 оценках; сеть работает с 2012 г. и сама ведёт блог «свидание в СПб 2026».,,4,Для двоих,,,,,Кино Хауз антикинотеатр Чайковского 24,,https://spb.kinohouse.me/blog/kuda-shodit-na-svidanie-v-spb/,high,,,
A,Respace prime Wellness & SPA,Москва,relax,Велнес-центр / термальная зона,4.9,120,14000,https://wellness-respace.ru/,"Гостевой визит в премиальный велнес: термальная зона, хаммам, тёплые бассейны, авторские парения, спа-ритуалы на Comfort Zone.","4.9 (120 отзывов 2ГИС), в 2026 получил международную spa-премию «best city spa»; сертификаты на баню/бассейн/спа уже продаются на сайте.",True,5,Для двоих;Для женщин,,,,,Respace prime Wellness SPA 1-я Тверская-Ямская 2,,https://2gis.ru/moscow/firm/70000001081661454/tab/reviews,high,,,
A,Format Film Lab,Санкт-Петербург,learn,Плёночная фотография — проявка/печать,4.9,97,,https://formatfilmlab.ru/,"Фотолаборатория с МК по проявке, аналоговой печати и альтернативным процессам.","Модная плёночная лаборатория Петербурга; редкий формат, идеально для креативной аудитории.",,4,Для женщин;Универсальные,,,2gis,2ГИС 4.9 по 97 оценкам (44 отзыва); ул. Правды 6,Format Film Lab фотолаборатория Санкт-Петербург,,https://formatfilmlab.ru/services,medium,,,
A,Pandora — частный кинотеатр для двоих,Санкт-Петербург,romance,приватный кинотеатр,4.9,95,,https://zoon.ru/spb/entertainment/chastnyj_kinoteatr_pandora_na_naberezhnoj_obvodnogo_kanala/,"8 приватных залов в разных стилях (Херсонская, 7 и наб. Обводного канала, 80): кино, караоке, настолки, можно оформить зал свечами и лепестками.","Рейтинг 4.9 при 95 оценках, стабильно входит в подборки «куда на свидание в СПб» (Piter.now, KinoHouse-блог).",,4,Для двоих,,,,,Pandora частный кинотеатр Херсонская 7,,https://2gis.ru/spb/firm/70000001030532951,high,,,
A,Трёхгорные бани,Москва,relax,Банный комплекс в центре,4.9,72,,https://tbani.ru/,Авторские банные ритуалы в уникальных банных залах с кухней в центре Москвы.,"Упоминается в подборках «новый русский велнес» 2025–2026 рядом с Siberia; красивые залы, гастро-составляющая.",,4,Для двоих;Для женщин;Универсальные,,,2gis,Zoon 4.6 (18 отзывов/52 оценки). Рочдельская 15с30,Трехгорные бани Москва,,https://tbani.ru/,medium,,,
A,Гольф-клуб «Петергоф»,СПб и ЛО,premium,Гольф-клуб,4.9,65,,https://peterhofgolf.ru/,"Вводное занятие (1 ч теории + 1 ч практики), уроки для двоих и курсы для начинающих.","Единственный чемпионский гольф-клуб под Петербургом, сертификаты продаются на сайте.",True,5,Для двоих;Для мужчин;Премиум,,,2gis,2ГИС 4.9/65; Яндекс 4.6 по 7 оценкам; Гофмейстерская 1,Гольф-клуб Петергоф,,https://peterhofgolf.ru/certificates,medium,,,
A,M2 — студия автопортрета,Санкт-Петербург,visual,студия автопортрета,4.9,54,,,"Студия автопортрета на Московском пр., 2: удобный сетап, дизайнерский интерьер, фото готовы за пару часов.",Рейтинг 4.9 при 54 оценках на 2ГИС; локация у Сенной — высокий трафик.,,4,Для двоих;Для женщин;Универсальные,,,,,M2 студия автопортрета Московский проспект 2,,https://2gis.ru/spb/firm/70000001083334469/tab/reviews,high,,,
A,Scratch DJ School,Москва,learn,DJ — мастер-класс,4.9,13,9000,https://scratchdj.ru/,"Мастер-класс по диджеингу: оборудование, сведение, запись собственного микса; сертификат-«пластинка» от 9000 ₽.","1000+ выпускников, 9+ лет, гослицензия; фирменный сертификат в виде винила — уже упакованный подарок.",True,4,Для женщин;Универсальные,,,2gis,"Сеть (Москва/Флакон, Королёв, Казань). Zoon ниже — 3.8",Scratch DJ School Москва,,https://scratchdj.ru/podarok,high,,,
A,Процесс (чайный клуб),Санкт-Петербург,mindful,Чайная церемония,4.9,,,https://process-tea.ru/chainaya/,"Гунфу-ча с редкими пуэрами и улунами, чайные медитации, дегустации и мастер-классы от дипломированных чайных мастеров.","Яндекс Карты 4.9 / 2ГИС 5.0, «маленький волшебный мир» по отзывам; лучшая замена ЧаЕ/КитЧай в Петербурге.",,4,Для двоих;Для женщин,,,,,чайный клуб Процесс Санкт-Петербург,,https://www.kp.ru/afisha/spb/obzory/moj-gorod/luchshie-chainye-czeremonii-v-sankt-peterburge/,medium,,,
A,7SKY — свидание на крыше под куполом,Москва,romance,Свидание на крыше / купол,4.8,62,,https://7skyy.ru/,"Крыша 100 м² в Оружейном переулке только для двоих: панорамный купол с дизайнерским интерьером и климатом, пикник с шампанским и десертами, телескоп, фотосессия в подарок.","Лидер выдачи по «свидание на крыше Москва 2026», работает круглый год (купол отапливается) — идеально под осень-зиму; готовые пакеты.",,5,Для двоих,,,2gis,Карточка Яндекс Карт есть; Zoon 51 отзыв. Работают с 2013,7 Sky свидание на крыше Оружейный переулок 15а,,https://2gis.ru/moscow/firm/70000001064374710,high,,,
A,WK White Kitchen (+ Vokzal 1853),Санкт-Петербург,gastro,Кулинарная студия / грузинская кухня,4.8,42,,https://white-kitchen.ru/,Кулинарные МК (в т.ч. грузинская кухня) в студии в Лиговском пер. и на площадке Vokzal 1853; бессрочные сертификаты.,"Две площадки, включая модный фудхолл Vokzal 1853; бессрочный сертификат — удобно.",True,4,Для двоих;Для мужчин;Для женщин;Универсальные,,,2gis,"4.8 по 42 отзывам (сниппет, вероятно 2ГИС, Лиговский пер. 1); Restoclub 7 отзывов",White Kitchen кулинарная студия Лиговский переулок,,https://white-kitchen.ru/sertifikat-na-kulinarnyj-master-klass/,medium,,,
A,Театр Dreamville,Санкт-Петербург,family,Иммерсивный детский театр,4.8,22,,https://dreamville.ru/,"Первый детский иммерсивный театр Петербурга: ребёнок — не зритель, а герой сказки с уникальными декорациями и интерактивным сюжетом.","Новый формат «иммерсив для детей», растущий тренд 2025–2026; билеты на семью — готовый подарок.",,4,Для детей;Универсальные,,,other,"4.8 по 22 оценкам (2ГИС/Яндекс, источник не привязан); Б. Смоленский 10; критика организации праздников",Театр Dreamville Санкт-Петербург,,https://dreamville.ru/,medium,,,
A,База отдыха «Берёзовая роща»,МО,country,Глэмпинг / эко-отель с SPA,4.8,20,5500,https://ecobr.ru/glamping,"11 дизайнерских домов (A-фреймы, стеклянные дома, барнхаусы, сферы) под Солнечногорском, у домов чаны и барбекю, открытый бассейн, русская баня на дровах, хаммам, ресторан с доставкой в дом.",Редкое сочетание глэмпинга с полноценным SPA и питанием; горячий чан у A-фреймов (5500 ₽) — готовая допуслуга к сертификату.,,5,Для двоих,,,2gis,"На другом портале 4.5 (10 отзывов). Деревня Васюково, Солнечногорский округ",Берёзовая роща база отдыха Солнечногорск глэмпинг,,https://welcome.mosreg.ru/stories/glempingi-podmoskov-a,medium,,,
A,Академия Вина — школа сомелье,Санкт-Петербург,gastro,Дегустация вина с сомелье,4.8,15,,https://wine-academia.ru/,Дегустации и мастер-классы в камерных группах до 12 человек; сертификаты действуют 8 месяцев.,Самый большой календарь винных событий в СПб по заявлению школы; готовые сертификаты.,True,3,Для двоих;Для мужчин;Для женщин;Универсальные,,,2gis,2ГИС 4.8 по 15 оценкам (пр. Добролюбова 19); есть карточка Яндекс Карт,Академия Вина школа сомелье Санкт-Петербург,,https://wine-academia.ru/,medium,,,
A,KOZA family — Chef's Table,Санкт-Петербург,gastro,Chef's table / авторский ужин,4.7,184,,https://koza.family/chefs-table/,"Камерный ужин на 12 гостей с открытой кухней: греческий, японский ужин или Meat&Travel.","Популярная ресторанная группа СПб, готовый формат авторского ужина для двоих/компании.",,4,Для двоих;Для мужчин;Для женщин;Универсальные,,,yandex,"это сеть (Koza Group: Дереза, Стрекоза, Море); 4.7/184 — карточка KOZA Стрекоза (Ленинский 100); Chef's Table отдельной карточки нет",KOZA family ресторан Санкт-Петербург,,https://koza.family/avtorskij-uzhin/,medium,,,
A,Интерактивный театр «Сказкин Дом»,Санкт-Петербург,family,Интерактивный детский театр,4.7,97,,https://skazkindom.spb.ru/,Детский интерактивный театр-путешествие по сказочным комнатам с новым игровым пространством «домик на дереве».,"Давний семейный бренд Петербурга, обновлённое пространство; программы по возрастам от 1 года.",,3,Для детей;Универсальные,,,2gis,2ГИС 4.7/97 (Александровский парк 1а),Сказкин Дом интерактивный театр Санкт-Петербург,,https://skazkindom.spb.ru/,medium,,,
A,Big Wall (Бигвол) скалодром,Москва,extreme,скалодром,4.7,,1500,https://bigwallsport.ru/,"Сеть из 3 скалодромов: 16-метровая стена и боулдер у м. Спортивная, площадка в ВТБ Арене, летняя открытая стена в Лужниках; вводные занятия для новичков с автостраховкой.","Регулярно №1 в рейтингах скалодромов Москвы, самый высокий в городе; открытая стена в Лужниках — эффектный летний формат для сертификата. Zoon 4.7.",,4,Для мужчин;Универсальные,,,,,Бигвол Спорт скалодром Лужники,,https://spasibovsem.ru/ratings/kompanii-i-mesta/luchshie-skalodromy-moskvy/,medium,,,
A,Особняк «Дашков 5» — иммерсивный театр,Москва,visual,Иммерсивный спектакль,4.6,110,2500,https://dashkov5.com/,Первый репертуарный иммерсивный театр страны (с 2016): шоу «Ромео и Джульетта. Любовь вне времени» в интерьерах особняка.,"Флагман иммерсивного жанра в Москве, билеты 2500–12 500 ₽ — в диапазоне сертификата.",,5,Для двоих;Для женщин;Универсальные,,,2gis,"На картах значится как иммерсивный театр «Вернувшиеся» (Дашков пер. 5). Текущие постановки: «Ромео и Джульетта», «Вернувшиеся»",Дашков 5 особняк иммерсивный театр,,https://www.vedomosti.ru/gorod/culturalcity/articles/kamernie-stseni,medium,,,
A,Surf Brothers Skolkovo,Москва,water,серф на искусственной волне,4.6,88,4000,https://skolkovo.surfbrothers.ru/,"Самая широкая (9 м) и мощная искусственная волна в России в Сколково, тренировки с инструктором, спа и фитнес на месте.","Премиальный формат «серф + спа» для подарка, флагман индустрии; Zoon 4.6 при 88 отзывах, есть индивидуальные и групповые занятия.",,5,Для двоих;Для мужчин;Универсальные,,,,,Surf Brothers Skolkovo Большой бульвар 40,,https://zoon.ru/msk/entertainment/klub_serfinga_surf_brothers_skolkovo/,high,,,
A,Skypark Moscow (Zipline на Воробьёвых горах),Москва,extreme,зиплайн,4.5,108,2000,https://moscow.skypark.ru/,"700-метровый троллей над Москвой-рекой с Воробьёвых гор до Лужников, до 60 км/ч, 3 параллельные линии.","Единственный городской зиплайн в Москве, топ-локация с видом на центр, очень инстаграмно; сертификаты уже продают агрегаторы (Mosfly, Территория полёта). Отзывы отмечают высокую цену за 55 секунд.",,5,Для мужчин;Универсальные,,,2gis,Есть карточка на Яндекс Картах (Скайпарк). Жалобы на цену (5000 ₽ за ~1 мин),Skypark Воробьёвы горы Косыгина 28,,https://moscow.skypark.ru/,high,,,
A,Театр «Морфеус»,Санкт-Петербург,visual,Иммерсивный спектакль (зритель — главный герой),4.5,96,,https://spb.morpheus-show.ru/,"Театр без сцены, где зритель — главный герой и воспринимает историю через чувства; филиалы в Лондоне, Барселоне, Праге, Лос-Анджелесе.","Международная франшиза иммерсивного театра, открывшаяся в центре Петербурга — уникальное предложение для сертификата.",,4,Для двоих;Для женщин;Универсальные,,,other,"4.5 по 96 оценкам и 4.6 по 55 отзывам (2ГИС/Яндекс, источник в сниппете не привязан); наб. Мойки 28; есть критика интенсивной атмосферы",Морфеус иммерсивный театр Санкт-Петербург,,https://kuda-spb.ru/event/otkrytie-teatra-morfeus-v-sankt-peterburge/,medium,,,
A,Flow Moscow (волна + аэротруба),Москва,water,серф на волне / аэротруба,4.5,51,3500,https://moscowflow.ru/,"Комплекс в Люблино: единственная в России волна CityWave с регулируемой высотой (1,4 м) и самая большая аэротруба Москвы (4,5 м, 20 м высоты).","Две топовые активности в одном месте (вода + небо), час серфа 3,5–4,5 тыс. ₽; хорошие отзывы на Tripadvisor/irecommend. Не входит в базу (Freezone/FLYSTATION — другие).",,5,Для двоих;Для мужчин;Универсальные,,,2gis,В 2ГИС адрес Ставропольская 43 (бывш. Art Fly). Карточки Яндекс/Zoon есть,Flow Moscow Ставропольская 41,,https://www.tourister.ru/world/europe/russia/city/moscow/active/32146,high,,,
A,Drop Park VDNH (вейк-парк),Москва,water,вейк-парк,4.5,24,2500,http://droppark.ru/,"Новый вейк-парк на ВДНХ от райдеров «Траектории» с эксклюзивной реверс-системой и бесшовными фигурами, катание с инструктором.","Открылся недавно (2025), локация ВДНХ в центре города — сильный «трендовый» аргумент; MosWake/WakeHouse уже в базе, это свежая замена.",,4,Для двоих;Для мужчин;Универсальные,,,yandex,"ВНИМАНИЕ: карточка на Яндекс Картах помечена как не работающая/закрытая — статус неясен, проверить перед контактом",Drop Park VDNH вейк-парк ВДНХ,,https://mag.russpass.ru/rubric/moskva/veykbording-i-veyksurfing-v-moskve-i-podmoskovye,medium,,,
A,ArtVibes — арт-вечеринки с вином,Москва,romance,живопись с вином,,300,,https://msk.artvibes.ru/,"Двухчасовая арт-вечеринка на холсте с художником и вином, есть парный формат.",Более 300 положительных отзывов на Яндекс Картах и 1100+ в соцсетях — сильный социальный пруф.,,4,Для двоих,,,,,ArtVibes арт-вечеринки Москва,,https://msk.artvibes.ru/,medium,,,
A,Глэмпинг «Трофимов Берег»,МО,country,Глэмпинг A-frame с баней и чаном,,247,13956,https://trofimovbereg.ru/,"Премиальные A-frame домики с панорамными окнами на берегу реки Колпяна (Волоколамск, Новая Рига), баня из сосны и кедра, банный чан под звёздами, кинопроектор.","Свежий объект 2024–2025, 247 отзывов на Яндекс Путешествиях, сильный визуал в духе скандинавского глэмпинга; готовый формат «выходные для двоих».",,5,Для двоих,,,,,Трофимов Берег глэмпинг Волоколамск,,https://travel.yandex.ru/hotels/moscow-oblast/trofimov-bereg/reviews/,high,,,
A,ЗАБЕЙ Ковёр,Москва,craft,Тафтинг ковров,,101,,https://taftingstudio.ru/,3-часовой мастер-класс: делаешь ковёр тафтинг-пистолетом по своему эскизу и забираешь домой в тот же день.,Тафтинг — главный крафт-тренд 2024–2026; позиционируется как самая большая и уютная тафтинг-студия Москвы с огромным выбором пряжи.,,5,Для мужчин;Для женщин;Универсальные,,,,"Zoon: 509 оценок, 101 отзыв, отзывы тёплые, но цифра рейтинга в сниппете не видна. Адрес Чертановская 1г",ЗАБЕЙ ковёр тафтинг студия Москва,,https://taftingstudio.ru/,medium,,,
A,FUTURIONE — фиджитал арт-пространство на ВДНХ,Москва,visual,иммерсивная выставка,,73,1770,https://futurione.ru/,"Первое в России фиджитал-пространство в комплексе «Солнце Москвы»: интерактивные залы, свет, цифровое искусство; ежедневно 10:00–22:00.","Рейтинг 8.7/10 на Яндекс Афише (73 отзыва), билет от 1770 ₽ — свежий и очень «контентный» формат для сторис.",,5,Для двоих;Для женщин;Универсальные,,,,,Futurione ВДНХ,,https://afisha.yandex.ru/moscow/art/futurione,high,,,
A,Say A-A-A! (роупджампинг),Санкт-Петербург,extreme,роупджампинг,,,,https://sayaaa.net/,"Прыжки с верёвкой с мостов и промышленных объектов под СПб с командой, работающей с 2008 года.","Одна из двух главных питерских роуп-команд (RAPT уже в партнёрах), тысячи прыгнувших, мировой рекорд по глубине падения в пещеру. Заменяет выбывшего RAPT.",,4,Для мужчин;Универсальные,,,,рейтинг в выдаче не виден; сайт подтверждён,Say A-A-A роупджампинг Санкт-Петербург,,https://piter.now/gde-v-peterburge-prygnut-s-verevkoj/,medium,,,
A,ПитерКаяк (PiterKayak),Санкт-Петербург,water,каякинг по каналам,,,3000,https://piterkayak.com/,"Прогулки на каяках и байдарках по Мойке, Крюкову каналу, каналу Грибоедова и Неве с инструктором, 3–4 часа.","Флагманский формат «Петербург с воды своими силами», есть страница на Tripadvisor и Tripster с отзывами; сезонная, но очень инстаграмная активность.",,5,Для двоих;Для мужчин;Универсальные,,,,"числового рейтинга не видно; есть карточки Zoon/Tripadvisor/Yell (11 отзывов), отзывы положительные; старт наб. Крюкова канала 26",ПитерКаяк прогулки на каяках Санкт-Петербург,,https://www.tripadvisor.com/Attraction_Review-g298507-d12174559-Reviews-PiterKayak-St_Petersburg_Northwestern_District.html,medium,,,
A,Molchanova School (школа фридайвинга),Москва,water,фридайвинг,,,6000,https://molchanova.school/,Индивидуальное пробное занятие по фридайвингу (6 000 ₽) и базовые курсы в бассейне «Чайка» по системе Натальи Молчановой.,"Самый сильный бренд фридайвинга в мире, эффектная «осознанная» активность в тренде wellness; чек 6–25 тыс.",,4,Для двоих;Для мужчин;Универсальные,,,,"Карточка 2ГИС есть (бассейн Чайка, Турчанинов пер. 3с1), рейтинг в сниппете не виден. Работает по франшизе — сеть",Molchanova School фридайвинг бассейн Чайка,,https://molchanova.school/basiccourse,high,,,
A,Клуб воздухоплавания «Аэронавт»,МО,air,воздушный шар,,,,https://www.aeronavt.ru/,"Полёты на воздушном шаре в Дмитровском округе: групповые (до 16 чел.) и индивидуальные, программа 4–5 часов, из них 1 час полёта.","Профессиональные пилоты с квалификацией Росавиации, положительные отзывы на Яндекс Картах и отзовиках; не в базе (там Аэростат/MagicFlight).",,5,Для двоих;Для мужчин;Универсальные,,,,"Карточки Яндекс Карт (Дмитровское ш.) и Zoon есть, рейтинг в сниппете не виден; отзывы позитивные. Полёты в Дмитровском округе",клуб воздухоплавания Аэронавт Дмитров,,https://welcome.mosreg.ru/ideas/aeronavt,medium,,,
A,Арена Дронов,Москва,tech,FPV-дроны / бои роботов,,,2000,https://arena-drone.ru/,"Крытая арена: гонки на FPV-дронах, танковый лазертаг, бои роботов и дрифт-заезды на радиоуправляемых машинах с инструктором, от 8 лет.","Сразу 4 «техно»-аттракциона в одном месте — закрывает и дрон-рейсинг, и боевых роботов; освоение за минуты, подходит новичкам.",,4,Для мужчин;Универсальные,,,,"В выдаче только карточка Краснодара (Уральская ул.) — московскую локацию найти не удалось, уточнить",Арена Дронов Москва,,https://arena-drone.ru/,medium,,,
A,KSEBE (авторская семейная баня),Санкт-Петербург,relax,Авторская приватная баня,,,5400,https://ksebe.club/,"Всё пространство отдаётся одной паре/семье: бесконтактный прогрев, авторское парение, аквапланирование в бассейне, «сенолёт», травяной чай.","Первая авторская семейная баня в центре Петербурга (Марата, 57), формат полной приватности идеален для подарка на двоих; от 5400 ₽.",,4,Для двоих;Для женщин;Универсальные,,,,"есть карточки 2ГИС/Zoon (Марата 57), рейтинг в сниппете не показан; аренда 5400-59400 руб",KSEBE баня Марата 57 Санкт-Петербург,,https://bannik.ru/spb/avtorskaa-bana-ksebe,medium,,,
A,ТАФТИ,Москва,craft,Тафтинг ковров,,,,https://taffti.ru/,"Мастер-класс по тафтингу ~3 часа, без опыта, ковёр забираешь с собой.","Работают 5+ лет, сотни проведённых МК — зрелый партнёр в трендовой нише, готов к потоку сертификатов.",True,5,Для мужчин;Для женщин;Универсальные,,,,"Карточка Яндекс Карт есть, рейтинг не виден. Подарочные сертификаты от 5700 ₽ на сайте. Адрес ш. Энтузиастов 56с32",ТАФТИ мастер-класс тафтинг Москва,,https://taffti.ru/,medium,,,
A,Первая Кузня,Москва,craft,Кузнечное дело / ковка ножа,,,,https://1кузня.рф/,"3–3,5 часа в кузнице в центре Москвы: куёшь собственный нож, занятия по выходным в 11:00 и 15:00.","Кузница в центре города с регулярным расписанием и страницей сертификатов — редкий формат для Москвы, сильный «мужской» подарок.",True,4,Для мужчин;Для женщин;Универсальные,,,,"Карточка Яндекс Карт есть (Флакон, Б. Новодмитровская 36с26), рейтинг не виден. Есть критический отзыв о запахе алкоголя от мастера",Первая Кузня кузница Москва,,https://xn--1-ntbin2a8e.xn--p1ai/master-klassy/,medium,,,
A,CANVAS арт-студия,Москва,craft,Кастомизация одежды / скетчинг,,,3900,https://canvasstudio.ru/,"3-часовой МК по росписи и кастомизации одежды и кед акрилом, а также скетчинг; особняк напротив Третьяковки.","Студия с 15–20-летней историей, сертификаты от 3900 ₽ на сайте, несколько трендовых форматов (кастом, скетчинг) в одном месте.",True,4,Для мужчин;Для женщин;Универсальные,,,,"Карточек с рейтингом в выдаче нет; студия 20 лет, особняк у Третьяковки",CANVAS арт-студия Лаврушинский Москва,,https://canvasstudio.ru/cert,medium,,,
A,Кузня на Неве (КУЗНЕЦЪ),Санкт-Петербург,craft,Кузнечное дело / ковка,,,,https://kuznecpiter.ru/workshop,Живые кузнечные МК в 5 минутах от м. Лиговский пр.: от 1-часовой ковки брелока до 3-часовой ковки клинка и подвески.,Большая кузня в центре Петербурга с линейкой программ по чеку; компания с 2017 года.,,4,Для мужчин;Для женщин;Универсальные,,,,рейтинг не найден; адрес Лиговский пр. 74В; работают с 2017,Кузня на Неве Кузнецъ Лиговский,,https://kuznecpiter.ru/kuznjananeve,medium,,,
A,Glass Knight (стеклодувная ЭКО-мастерская),Санкт-Петербург,craft,Стекло — выдувание,,,,https://glassknight.ru/,"150 минут: лекция о стекле, демонстрация и создание собственного стеклянного аксессуара.",Выдувание стекла — редкий wow-формат; независимая мастерская (не Artista).,,4,Для мужчин;Для женщин;Универсальные,,,,рейтинг не найден; карточек 2ГИС/Яндекс в выдаче нет (только Instagram),Glass Knight стеклодувная мастерская Санкт-Петербург,,https://glassknight.ru/masterklassi,medium,,,
A,Rings Atelier,Санкт-Петербург,craft,Ювелирный МК — кольца,,,,https://rings-atelier.ru/,"Ювелирный мастер-класс: обручальные/парные кольца из золота, серебра или платины своими руками.",Профильное кольцевое ателье — прямой аналог I Love You Rings для диверсификации.,,4,Для мужчин;Для женщин;Универсальные,,,,"рейтинг не найден; в выдаче доминирует конкурент I Love You, Rings!",Rings Atelier ювелирный мастер-класс Санкт-Петербург,,https://rings-atelier.ru/,medium,,,
A,Wine Project — школа сомелье на Патриарших,Москва,gastro,Дегустация вина с сомелье,,,4000,https://wineproject.ru/,Групповые винные мастер-классы 2 часа по ср/чт/сб от 4000 ₽; экспресс-курс из 4 МК 12 990 ₽; страница сертификатов.,Локация на Патриарших + прозрачные цены + готовые подарочные сертификаты — сильнейший кандидат на замену/дополнение WineJet в Москве.,True,4,Для двоих;Для мужчин;Для женщин;Универсальные,,,,"Карточка Яндекс Карт есть (Б. Палашёвский 12с2), рейтинг не виден. Второй сайт wineprojectprofi.ru (проф. курсы)",Wine Project школа сомелье Патриаршие,,https://wineproject.ru/degustacii-vina,high,,,
A,Школа сомелье CavaCava,Москва,gastro,Дегустации вина / пива / кофе,,,,https://cavacava.ru/,"Дегустации вина, пива с фуршетом и «Кофе как искусство» с кофейным сомелье; подарочные сертификаты.","Мультиформатная школа (вино, пиво, кофе) — один договор, несколько карточек впечатлений.",True,3,Для двоих;Для мужчин;Для женщин;Универсальные,,,,Карточек с рейтингом на Яндекс/2ГИС/Zoon в выдаче нет; только собственные отзывы на сайте,CavaCava школа сомелье Москва,,https://cavacava.ru/wine_tasting,medium,,,
A,Московская Пивоваренная Компания (MOSBREW),МО,gastro,Экскурсия на пивоварню с дегустацией,,,,https://mosbrew.ru/excursion/,"Экскурсия по производству с дегустацией, бесплатный автобус от метро; электронные сертификаты на индивидуальный тур.",Крупнейший бренд с отлаженным экскурсионным продуктом и сертификатами — низкий операционный риск.,True,3,Для двоих;Для мужчин;Для женщин;Универсальные,,,,Рейтинг на картах не виден; TripAdvisor №2 из 45 развлечений в Мытищах. Экскурсии БЕСПЛАТНЫЕ по выходным — платный сертификат под вопросом,Московская Пивоваренная Компания экскурсия Мытищи,,https://mosbrew.ru/excursion/,high,,,
A,Novikov Space — кулинарная школа,Москва,gastro,"Кулинарные МК: хлеб, грузинская, суши, рынок с шефом",,,,https://novikovspace.com/school/,"МК по хлебу с Полиной Андриановой (пекарня «Печорин»), грузинская кухня, суши/рамэн, формат «На рынок с шефом».","Сильный ресторанный бренд Новикова, звёздные шефы, несколько трендовых форматов — можно оформить 3–4 карточки.",,4,Для двоих;Для мужчин;Для женщин;Универсальные,,,,"Карточки Яндекс/2ГИС есть (Б. Якиманка 22), рейтинг не виден; отзывы смешанные по соотношению цена/качество",Novikov Space кулинарная школа,,https://novikovspace.com/school/master-klass-po-prigotovleniyu-khleba,medium,,,
A,Ramen Moscow (рамэн-студия),Москва,gastro,Суши/рамэн МК,,,,https://ramen.moscow/master-classes2,"Студия на 8 человек с барной посадкой, вдохновлённая раменной Ичираку из «Наруто»: нигири, роллы, рамэн с шефом.",Поп-культурная концепция + камерность = очень «инстаграмный» гастро-МК для молодой аудитории.,,5,Для двоих;Для мужчин;Для женщин;Универсальные,,,,"Карточек с рейтингом в выдаче нет; бренд RA'MEN, студия на 8 человек при рамен-баре",Ramen Moscow мастер-класс рамэн,,https://ramen.moscow/master-classes2,medium,,,
A,Сырное ателье «Менестрель»,СПб и ЛО,gastro,Сыроварня — МК и дегустация,,,,https://menestrel.bio/excursion/,"Мастер-класс от сыровара Лео, лекция о сыре Франции и России, дегустация 7 сортов; производство в пос. Пудость (Гатчинский р-н).","Французская подача «ателье», авторский сыровар — премиальный сырный опыт рядом с городом.",,4,Для двоих;Для мужчин;Для женщин;Универсальные,,,,"рейтинга нет, на одном из агрегаторов «отзывов пока нет»; экскурсия с дегустацией подтверждена",Сырное ателье Менестрель Пудость,,https://menestrel.bio/excursion/,medium,,,
A,ФотоСецессион — тёмная комната,Москва,learn,Плёночная фотография — проявка и печать,,,,https://www.photosecession.ru/,3-часовой индивидуальный интенсив по ручной проявке ч/б плёнки и классической фотопечати в тёмной комнате (м. Авиамоторная).,Аналоговая фотография в тренде; редкий формат «своими руками в darkroom» — сильный подарок для креативной аудитории.,,4,Для женщин;Универсальные,,,,"Отзывов и рейтинга на агрегаторах нет. Адрес 1-я ул. Бухвостова 12/11к16, 12:00–20:00",ФотоСецессион фотошкола Москва,,https://photosecession.ru/MK-po-ruchnoy-proyavke-i-pechati/,medium,,,
A,Школа диджеинга бара «Юнион»,Санкт-Петербург,learn,DJ — разовое занятие,,,,https://klassmuziki.ru/,Школа диджеинга от команды бара Union — обучение в атмосфере одного из главных баров Думской.,Бар-бренд с сильной репутацией у 20–30-летних — «инстаграмный» контекст для урока DJ.,,4,Для женщин;Универсальные,,,,отдельной карточки школы нет — только бар Юнион (Литейный 55) на 2ГИС; в отзывах жалобы на организацию/возврат денег,школа диджеинга Union бар Санкт-Петербург,,https://klassmuziki.ru/,low,,,
A,Stand-Up School by Igor Meerson,Санкт-Петербург,learn,Стендап / импровизация,,,,https://igormeerson.ru/improv,Курс импровизации (10 занятий + выпускной концерт) и Stand-Up практикум на 7 недель в Петербурге.,Известный комик как лицо школы — доверие и медийность.,,3,Для женщин;Универсальные,,,,"это сеть (Москва, СПб, Лондон, Будва); карточки с рейтингом в выдаче нет",Игорь Меерсон школа стендапа Санкт-Петербург,,https://igormeerson.ru/standupspb,medium,,,
A,«Заблудшие» — иммерсивное шоу,Москва,visual,Иммерсивный спектакль,,,,https://zabludshie.ru/,Театр без кресел и сцены: декорациями служат интерьеры роскошных отелей Москвы.,Локации-отели дают премиальный визуал; формат хорошо ложится на «подарок-вечер».,,5,Для двоих;Для женщин;Универсальные,,,,"Карточки на картах нет — событие (театрализованная экскурсия) в отеле «Националь»; отзывы на Яндекс Афише позитивные, рейтинг не виден",Заблудшие иммерсивное шоу Москва,,https://www.vedomosti.ru/gorod/culturalcity/articles/kamernie-stseni,low,,,
A,Ферма «Российские альпаки»,МО,family,Ферма альпак,,,1500,https://alpacainfo.ru/,"Семейная экоферма под Дмитровом (Походкино/Парфентьево): экскурсия с кормлением альпак и лам, индивидуальные фотосессии с альпаками, кафе и магазин изделий из шерсти.","Одна из самых известных альпака-ферм Подмосковья, стабильно в топах подборок 2026 (Tripster, YouTravel, OSD); индивидуальные экскурсии до 8 чел. от 8000 ₽ — готовый формат сертификата.",,5,Для детей;Универсальные,,,,"Карточка 2ГИС есть (Походкино вл1), рейтинг не виден; отзывы очень позитивные. Только по предварительной записи; взрослый 1000 ₽",Российские альпаки ферма Походкино,,https://www.putevka.com/moskva/moskva/sight/ferma-rossiyskie-alpaki,medium,,,
A,Оленья ферма «Дикая Земля»,СПб и ЛО,country|family,Оленья ферма,,,1500,https://oleni-spb.ru/,"Ферма северных оленей в д. Борисово (Приозерский район): экскурсия о жизни оленей, кормление ягелем с рук, фотосессия.","Северные олени — топовый зимний семейный запрос; Бэмби Лэнд уже партнёр, «Дикая Земля» — прямая альтернатива в другом направлении области.",,4,Для двоих;Для детей;Универсальные,,,,"карточка Яндекс Карт есть, рейтинг в сниппете не показан; отзывы положительные",Оленья ферма Дикая Земля Борисово,,https://oleni-spb.ru/,medium,,,
A,One Love — свидание под куполом на крыше,Москва,romance,Свидание на крыше / купол,,,,https://onelove24.ru/svidanie-pod-kupolom,"Индивидуальное свидание под куполом на крыше в центре Москвы: локация 120 м² с единственным куполом отдаётся полностью паре, ужин, декор.","Приватность «только вы на крыше», сильная упаковка для подарка; прямой конкурент 7SKY — можно взять обоих для покрытия дат.",,5,Для двоих,,,,"Карточки 2ГИС/Zoon есть (1-й Неопалимовский 8, мансарда), рейтинг не виден; отзывы на Otzovik сплошь позитивные",One Love свидание на крыше Москва,,https://onelove24.ru/,medium,,,
A,Термы Мореон,Москва,season,Термальный комплекс,,,,https://therm.more-on.ru/,"Крупнейший банный и термальный комплекс Москвы (Ясенево): бассейны, десятки бань и парных, SPA.","Флагманские термы города, стабильно в топ-3 рейтингов; массовый зимний спрос на «день в термах».",,4,Для мужчин;Универсальные,,,,Рейтинг Яндекс/2ГИС в сниппете не виден; на одном из агрегаторов 1.8 — отзывы смешанные. Часть аквапарка Мореон (Голубинская 16),Термы Мореон Ясенево,,https://therm.more-on.ru/,high,,,
A,Sky Love — свидание на крыше под куполом,Санкт-Петербург,romance,свидание на крыше,,,,https://romantik78.ru/,"Приватное свидание в отапливаемом куполе на крыше (Большеохтинский пр., 4) с видом на Смольный собор, лёгким ужином и фотосессией в цене.","Работают с 2015 г., купол тёплый до -40 — формат круглогодичный; много отзывов на 2ГИС/Отзовик, есть собственные подарочные сертификаты.",True,5,Для двоих,,,,,Sky Love свидание на крыше Большеохтинский проспект 4,,https://romantik78.ru/,high,,,
A,RoofSPb — свидания на крышах Петербурга,Санкт-Петербург,romance,свидание на крыше,,,,https://roofspb.com/,"Несколько крыш в центре: купол с видом на центр, премиум-вариант с лепестками, скрипачом и шампанским, свидание в планетарии.",Крупный локальный оператор с каталогом крыш и форматов; отзывы о премиум-свидании положительные; Крыши24 и На высоте (партнёры) не затрагиваются.,,5,Для двоих,,,,,RoofSPb свидание на крыше,,https://roofspb.com/vse-kryshi/,medium,,,
A,Гончарная школа «Колокол» — гончарное свидание,Санкт-Петербург,romance,парная гончарка,,,5000,https://spb.kolokol.school/programs/4873,"Свидание за гончарным кругом на Рубинштейна: пара делает по изделию и одно общее в четыре руки, 1.5–2 часа, вариант с ангобами, музыкой и свечами.","Отдельная программа «Гончарное свидание», чек 5000 ₽ в будни — идеальный сертификатный формат; локация в центре.",,4,Для двоих,,,,,Гончарная школа Колокол Рубинштейна,,https://spb.kolokol.school/programs/4873,high,,,
A,Art&Wine — арт-дегустация для двоих,Москва,romance,живопись с вином,,,,https://www.artandwine.ru/msk,"Мастер-класс по живописи с художником + дегустация 3 вин с сомелье и закуски, все материалы включены; есть и СПб.",Формат «рисуем и пьём вино» — один из самых популярных подарков для пары; работают в обоих городах.,,4,Для двоих,,,,,Art&Wine арт-дегустация Москва,,https://www.artandwine.ru/msk,medium,,,
A,ЦСИ М'АРС — «Сон в музее» / «СЕНС. Эволюция стихий»,Москва,visual,иммерсивная выставка,,,1400,https://centermars.ru/projects/sense/,"Мультисенсорные иммерсивные выставки-опыт в центре современного искусства М'АРС (Пушкарёв пер.), «Сон в музее» идёт до 31.08.2026, далее новые проекты.","От 1400 ₽, многолетняя площадка иммерсивных шоу; хорошо продаётся как билет-подарок на двоих.",,5,Для двоих;Для женщин;Универсальные,,,,,ЦСИ МАРС Пушкарёв переулок,,https://centermars.ru/projects/sense/,medium,,,
A,LUMION — мультимедийное иммерсивное пространство,Санкт-Петербург,visual,иммерсивная выставка,,,,https://spb.kassir.ru/tourist/immersivnaya-interaktivnaya-installyatsiya-harmony,"Крупнейшее проекционное пространство СПб (400 м², квартал Брусницын, Кожевенная линия, 30); с 1 октября 2026 — интерактивная инсталляция HARMONY.","Новое шоу стартует ровно в сезон осень-зима 2026, билеты на Kassir — готовый продукт под сертификат на двоих.",,5,Для двоих;Для женщин;Универсальные,,,,,LUMION Кожевенная линия 30,,https://spb.kassir.ru/koncertnye-zaly/multimediynoe-immersivnoe-prostranstvo-lumion,high,,,
A,Christmas Art — мастерская ёлочных игрушек на ВДНХ,Москва,season,мастерская новогодних игрушек,,,1500,https://christmas-art.ru/master-klassy/,"Круглогодичная мастерская в Парке ремёсел ВДНХ: наблюдение за выдувкой, мастер-классы по росписи стеклянных, деревянных и фарфоровых игрушек (30 мин – 6 ч).","Разовый МК 1500 ₽, всё включено; идеальный предновогодний сертификат для пар и семей.",,4,Для мужчин;Универсальные,,,,,Christmas Art мастерская ёлочных игрушек ВДНХ,,https://vdnh.ru/places/masterskaya-elochnykh-igrushek-christmas-art/,high,,,
A,Mars on fire — термы и спа на Финском заливе,СПб и ЛО,season,термы,,,3900,https://spamars.ru/,"Термы в сосновом бору на берегу залива (45 мин от КАД): 15-метровый круглогодичный бассейн с морской водой, парения, массаж; пакеты от 3900 ₽.",В 2026 г. отмечен «Хорошим местом» Яндекс Карт и премиями МЭКСПА «Лучший новый СПА»; горячий бассейн с видом на залив — визуал сезона.,,5,Для мужчин;Универсальные,,,,,Mars on fire термы Финский залив,,https://spamars.ru/,high,,,
A,Глэмпинг «Багио»,МО,country,Купольный глэмпинг с баней и чаном,,,7600,https://welcome.mosreg.ru/oteli/turbaza-bagio,"10 купольных домиков-сфер в заповедном лесу под Волоколамском, парная из липы с дровяной печью, ледяная купель, чан на костре, подогреваемый бассейн.","Оценка 10/10 на mirturbaz по цене/качеству и сервису, новый подогреваемый бассейн 2025; купола + чан — самый запрашиваемый формат подарка.",,5,Для двоих,,,,,Глэмпинг Багио Харланиха-2,,https://mirturbaz.ru/russia/moskovskaya/bagio/reviews,high,,,
A,Mystic Hills (Мистик Хиллс),СПб и ЛО,country,"Арт-глэмпинг со сферами, купелью и баней на воде",,,7000,https://mystic-hills.ru/,"Новый премиальный арт-глэмпинг на озере в Приозерском районе: зеркальные дома, сферы с купелью, русская баня на воде с панорамным видом (от 7 000 ₽), кафе в панорамном куполе.","Открытие 2025, самый «инстаграмный» глэмпинг Ленобласти; баня на воде и сферы — идеальный подарочный формат.",,5,Для двоих,,,,,Mystic Hills глэмпинг Красноозерное,,https://mirturbaz.ru/russia/leningradskaya/mystic-hills,high,,,
A,Tramplin.pro — школа диджеинга и электронной музыки,Москва,learn,DJ / битмейкинг — разовый урок,,,,https://tramplin.pro/uslugi/gift,"Индивидуальный урок диджеинга или создания музыки один на один с артистом в студиях Tramplin (Москва, Монетчиковский пер.; есть филиал в СПб).","Крупнейшая DJ-школа страны с сертификатами на любое число уроков, рейтинг 5.0 на repometr и тёплые отзывы на Яндекс Картах о студиях и технике.",True,4,Для женщин;Универсальные,,,,,Tramplin школа диджеинга Монетчиковский,,https://repometr.com/dj_shkola_tramplin._pro_-_moskovskiy_filial_859283/,high,,,
A,Photoplay — курс основ плёночной фотографии,Москва,learn,Плёночная фотография / darkroom,,,,https://photoplay.ru/osnovy-plyonochnoy-fotografii,"Курс основ плёночной фотографии в школе современной фотографии Photoplay: ручная проявка ч/б плёнки в тёмной комнате, контрольная печать, полевая практика.",Известная фотошкола с собственной darkroom; плёнка — устойчивый тренд у 20–35-летних.,,4,Для женщин;Универсальные,,,,,Photoplay школа фотографии Москва,,https://photoplay.ru/osnovy-plyonochnoy-fotografii,high,,,
A,Forza Karting — Mazda Karting Academy,Москва,family,Детский картинг / школа картинга,,,,https://forzakarting.ru/,"Крытые картодромы Forza (Дубровка, Коломенское и др.) с детскими картами и официальной детской академией Mazda для детей 6–15 лет.",Крупнейшая сеть картинга Москвы с отдельной детской школой; отзывы отмечают внимание к безопасности и подбор картов по росту.,,4,Для детей;Универсальные,,,,,Forza Karting Дубровка,,https://www.kidsreview.ru/msk/catalog/forza-karting-kartodrom-i-shkola-kartinga-dlya-detey-v-tc-dubrovka-moskva,medium,,,
A,Аквапарк «Ква-Ква парк»,МО,family,Аквапарк,,,,https://kva-kva.ru/,"Второй по размеру аквапарк Московского региона (Мытищи, 1 км от МКАД) с большой детской зоной, горками и спа.","Самый «семейный» аквапарк по отзывам, круглый год; закрывает нишу аквапарков МО помимо Карибии.",,4,Для детей;Универсальные,,,,,Ква-Ква парк Мытищи,,https://riamo.ru/articles/istorii/sem-luchshih-akvaparkov-podmoskovja/,medium,,,
A,Хаски-деревня «Рузская Аляска»,МО,family,Хаски-парк / контактная ферма,,,1300,https://huskyvillage.ru/,"Питомник хаски, маламутов и самоедов + ферма с козами, овцами, павлинами: экскурсия с заходом в вольеры, догтрекинг и мини-экспедиции на упряжках от 1 км.","Собаки + ферма в одном месте, круглый год, вход 1 300 ₽; главная альтернатива Шихово в МО.",,4,Для детей;Универсальные,,,,,Хаскидеревня Рузская Аляска Бараново,,https://welcome.mosreg.ru/ideas/haskiderevna-ruzskaa-alaska,high,,,
A,Draw Up Studio,Москва,viral,арт-студия,,,3500,https://drawupstudio.ru/,Арт-вечеринки на настоящем холсте с вином за 3 часа в уютной студии на Покровском бульваре (Китай-город); арт-девичники и закрытые события.,"Ближайший московский аналог Fraumilk по формату «рисуем-пьём-снимаем»: 9 лет работы, живой Instagram @drawupstudio (~8,2K), отдельная страница арт-девичника, индивидуальные бутылочки вина под фото.",,4,Для двоих;Для женщин;Универсальные,https://www.instagram.com/drawupstudio/,8.2K,,,Draw Up Studio Покровский бульвар,,https://drawupstudio.ru/hen-party,high,,,
A,Театр «Тень» — Лиликанский театр,Москва,viral,театр для взрослых,,,2000,https://www.theatre.ru/lilikan/kassa/,"Первый частный семейный театр страны (с 1988): Лиликанский театр — крошечные куклы играют трагедии для 5 зрителей, смотрящих в окна «здания»; есть взрослые спектакли.","Ближайший к Karlsson Haus по духу: культовый камерный кукольный театр, многократный лауреат «Золотой маски», самый маленький зал Москвы — идеальный вирусный сюжет; билеты разбирают за 2–3 месяца.",,5,Для двоих;Для женщин;Универсальные,,,,,Театр Тень Октябрьская 5,,https://www.afisha.ru/msk/theatre/ten-15878146/,high,,,
A,КукLab — камерный театр кукол,Москва,viral,театр для взрослых,,,1500,https://teatrkuklab.ru/,"Современный камерный кукольный театр и творческие мастерские: предметный и теневой театр, артхаусные постановки для взрослых и подростков, ~1 час без антракта.","Создан лауреатами «Золотой маски» Антоном Калипановым и Ольгой Шайдуллиной — прямой аналог Karlsson Haus (кукольный, современный, для взрослых, камерный).",,4,Для двоих;Для женщин;Универсальные,,,,,КукLab театр кукол Москва,,https://teatrkuklab.ru/,high,,,
A,Мосспектакль — иммерсивный театр в усадьбе Шуваловых,Москва,viral,театр для взрослых,,,3500,https://mosspectacle.ru/,"Иммерсивные фуршет-спектакли («PLAYBACK», «ВИЙ») в усадьбе XIX века на Покровке, 40Б: фуршет с игристым, шоу про жизнь гостей, иммерсивный бар и общение с артистами.","Плейбек-формат, где актёры играют истории зрителей, плюс усадебные интерьеры — сильный фото/видео-контент; положительные отзывы на Афише и 2ГИС.",,5,Для двоих;Для женщин;Универсальные,,,,,Мосспектакль Покровка 40Б,,https://mosspectacle.ru/spektakli/immersivny-furshet-spektakl-playback,high,,,
A,Fraumilk.studio,Санкт-Петербург,viral,арт-студия / лофт,,,,,"Премиальное арт-пространство в центре Петербурга: творческие мастер-классы, арт-вечеринки, корпоративы и частные события, аренда лофта.","Образец заказчика: контент-first студия с сильной эстетикой интерьера и позиционированием «premium art-space»; продаёт подарочные сертификаты напрямую. Instagram — основной канал (в сниппете 1,3K подписчиков; VK/TikTok в выдаче не видны — проверить вручную).",True,5,Для двоих;Для женщин;Универсальные,https://www.instagram.com/fraumilk.studio/,1.3K,,,Fraumilk studio арт-студия Санкт-Петербург,,https://www.instagram.com/fraumilk.studio/,high,,,
A,"Karlsson Haus (сцена на Фурштатской, спектакли для взрослых)",Санкт-Петербург,viral,театр для взрослых,,,2000,https://www.karlssonhaus.ru/,"Современный кукольный театр (с 2006), четыре площадки; сцена на Фурштатской, 30 — репертуар для взрослых: «Блаженный остров», «Ваня», «Сад», Wanted Hamlet, «Биография».","Образец заказчика: негосударственный камерный театр с «Золотой маской» и «Золотым софитом», европейский уютный формат, 23K подписчиков и 2 225 постов в Instagram, свой YouTube-канал. Подарочные сертификаты 2000/3000 ₽ уже продаются на сайте.",True,5,Для двоих;Для женщин;Универсальные,https://www.instagram.com/karlssonhaus/,23K,,,Karlsson Haus театр Фурштатская 30,,https://www.karlssonhaus.ru/sertifikat-v-teatr.php,high,,,
A,Краски в Кружке — арт-вечеринки (@artparty_spb),Санкт-Петербург,viral,арт-вечеринка,,,2500,,"Арт-вечеринки с акрилом каждую пятницу и воскресенье в ресторане (площадка — «Большая кухня»), напиток и картина включены, 2500 ₽; корпоративы и дни рождения.","14K подписчиков в Instagram — один из самых живых арт-party аккаунтов СПб; формат «картина + бокал» идеально режется на Reels. Внимание: площадка «Большая кухня» — действующий партнёр WOWlife, но организатор другой.",,4,Для двоих;Для женщин;Универсальные,https://www.instagram.com/artparty_spb/,14K,,,Краски в Кружке арт-вечеринка Санкт-Петербург,,https://www.instagram.com/artparty_spb/,medium,,,
A,OGCUSTOM — мастер-классы по кастомизации кроссовок,Санкт-Петербург,viral,кастом кроссовок,,,,https://ogcustom.ru/master-class,"Студия кастомизации из СПб (с 2019): постоянные мастер-классы в историческом центре и выездные — аэрограф, баллончики, роспись кроссовок и одежды, все материалы включены.",Кастом кроссовок — один из самых «тиктокабельных» форматов; студия с сильным портфолио готовых работ. Цена МК на сайте не указана (роспись на заказ от 3000 ₽).,,5,Для двоих;Для женщин;Универсальные,,,,,OGCUSTOM кастомизация кроссовок Санкт-Петербург,,https://ogcustom.ru/master-class,medium,,,
A,Лавка Витражиста — мастер-классы по витражу Тиффани,Санкт-Петербург,viral,арт-студия / витраж,,,2700,https://www.lavka-vitrazhista.ru/,"Мастерская во дворе на Итальянской, 29 (Итальянский дворик — топ-10 красивых дворов СПб): «Гербарий в технике витраж» 2700–3700 ₽, витраж Тиффани, мозаика; девичники и арт-события.",Очень фотогеничный результат (стеклянный гербарий) и локация; положительные отзывы о преподавателе; сертификаты уже продаются через агрегаторы.,True,5,Для двоих;Для женщин;Универсальные,,,,,Лавка Витражиста Итальянская 29,,https://www.sputnik8.com/ru/st-petersburg/activities/65567-master-klass-po-vitrazhu-v-italyanskom-dvorike,medium,,,
A,КУКФО — театр «Кукольный формат»,Санкт-Петербург,viral,театр для взрослых,,,,,"Авторский кукольный театр Анны Викторовой (с 2003) с европейской камерной атмосферой; для взрослых ставят Достоевского, Пушкина, Шекспира: «Ошибка студента Раскольникова», «Пиковая дама», «Всадник CUPRUM».","Прямой аналог Karlsson Haus: маленький негосударственный театр кукол, лауреат «Золотой маски» (2005), зрители отмечают куклы и декорации. Соцсети и продажа сертификатов в выдаче не видны — проверить.",,4,Для двоих;Для женщин;Универсальные,,,,,театр Кукольный формат КУКФО Санкт-Петербург,,https://kudago.com/spb/place/kukolnyj-format/,medium,,,
A,«Мистерии» — театральная игра в Доме Юсуповых,Санкт-Петербург,viral,иммерсивный спектакль,,,3800,https://mysteries.spb.ru/,"Иммерсивный спектакль-променад во флигеле и Домашнем театре Юсуповского дворца: зрители делятся на 4 группы и узнают одну из 4 версий истории рода; 1 ч 50 мин, 16+, 3800 ₽.","Дворцовые интерьеры + движение по залам — сильный визуал для сторис; сезонные показы 2026 (сентябрь), две версии программы.",,5,Для двоих;Для женщин;Универсальные,,,,,Юсуповский дворец Мойка 94 Мистерии,,https://mysteries.spb.ru/,high,,,
A,SOMNUM — иммерсивный спектакль-прогулка в декорациях Петербурга,Санкт-Петербург,viral,иммерсивный спектакль / променад,,,3000,https://somnum.spb.ru/,"Почти двухчасовая прогулка в наушниках по центру: 7 актёров-персонажей города (Грибоедов, Гонзаго и др.), монокуляр для деталей; есть частный показ «Ментальное кино».","Летний формат «город как сцена» — каждая сцена снимается на телефон; на сайте есть отдельная страница подарочного сертификата. Цена 3000–5000 ₽ (данные 2022, уточнить).",True,5,Для двоих;Для женщин;Универсальные,,,,,Somnum иммерсивный спектакль Санкт-Петербург,,https://somnum.spb.ru/certificate,medium,,,
A,Stage StandUp Club,Санкт-Петербург,viral,комеди-клуб,,,,https://stagestandup.ru/,"Первый стендап-клуб Петербурга (с 2019), Восстания 24/27 (пространство «Флигель»): два зала, ежедневные концерты комиков со всей России, неаполитанская пицца и коктейли.","Клуб с собственным Instagram (@stagestandup), продажами через Яндекс Афишу/Кассир и ежедневной афишей — стабильный поток вирусных клипов с выступлений.",,4,Для двоих;Для женщин;Универсальные,https://www.instagram.com/stagestandup/,,,,Stage StandUp Club Восстания 24/27,,https://kudago.com/spb/place/stage-standup-club/,high,,,
B,Три метлы — кофейня по Гарри Поттеру,Москва,visual,тематическое чаепитие,5.0,1430,1000,https://xn--80afcsrlra.xn--p1ai/cafe,"Тематическая кофейня в ЗИЛАРТ (Автозаводская, 23Б): сливочное пиво, дымящиеся напитки, фотозоны и атрибутика.","Рейтинг 5.0 при 1430 отзывах — №1 кофейня РФ по отзывам с 5.0; чек ~1000 ₽, для сертификата нужен пакет «чаепитие на двоих».",,5,Для двоих;Для женщин;Универсальные,,,,,Три метлы кофейня Автозаводская 23Б,,https://2gis.ru/moscow/firm/70000001084019452,high,,,
B,Blokpost (лазертаг),Санкт-Петербург,extreme,лазертаг,5.0,514,,,"Лазертаг-клуб с крытыми отапливаемыми аренами по городу, включая арену 3000 м² в Пулково, где укрытия — настоящие автобусы.",Топ-1 по рейтингу лазертага в СПб на Яндекс Картах — 5.0 при 514 оценках; масштаб арен даёт wow-эффект.,,3,Для мужчин;Универсальные,,,,,Blokpost лазертаг Пулково Санкт-Петербург,,https://piter.now/list/luchshie-lazertag-areny-peterburga/,medium,,,
B,Это тебе (eto-tebe.com) — свидание и ужин на крыше,Москва,romance,Свидание на крыше,5.0,285,,https://eto-tebe.com/,"Организация свиданий и ужинов на крыше в Москве с декором, ужином и фотосессией.",Заявлено 285 отзывов со средней 5.0 — заметный объём для нишевого сервиса; нужна проверка площадки и лицензии.,,4,Для двоих,,,,,Это тебе свидание на крыше Москва,,https://eto-tebe.com/,low,,,
B,Another World (VR-арены),Санкт-Петербург,tech,VR-арена свободного перемещения,5.0,26,1500,https://spb.another-world.com/,"Международная сеть VR-арен (4 точки в Петербурге) с беспроводным свободным перемещением, командные игры и квесты.","Сеть с 2018 года, несколько локаций в городе — удобно для сертификата без привязки к району; заменяет закрывшиеся VR-партнёры.",,3,Для мужчин;Универсальные,,,2gis,"это сеть (ТРК Рио, Июнь, Пик); 2ГИС 5.0/26 для Рио; есть карточка Яндекс",Another World VR арена Санкт-Петербург,,https://bash.today/posts/luchshie-vr-kluby-sankt-peterburga,medium,,,
B,CHEFS Eatertainment,Санкт-Петербург,gastro,Кулинарная студия / грузинская кухня,5.0,14,5000,https://chefs-eatertainment.ru/,"Еженедельные МК из 3 блюд (хачапури, сациви, хинкали — 5000 ₽) с приветственным фуршетом.",Понятный чек 5000 ₽ и еженедельное расписание.,,3,Для двоих;Для мужчин;Для женщин;Универсальные,,,2gis,"2ГИС 5.0/14, Zoon 5.0; две локации (пр. Медиков 10к1, Новгородская 13Л)",CHEFS Eatertainment кулинарная студия Санкт-Петербург,,https://chefs-eatertainment.ru/georgia,medium,,,
B,Nomu — фотостудия автопортрета,Москва,visual,студия автопортрета,5.0,14,,https://nomustudio.ru/,"Автопортрет с зеркалом и кнопкой (ул. Сергия Радонежского, 15-17), белая и чёрная студии, сессии по 45 мин, фото через 30 мин.",Свежая студия нового формата с оценкой 5.0 (пока 14 отзывов на 2ГИС); дополняет Reflect/MIRROR/Селфи дом из текущих партнёров.,,4,Для двоих;Для женщин;Универсальные,,,,,Nomu студия автопортрета Сергия Радонежского,,https://2gis.ru/moscow/firm/70000001083393140/tab/reviews,medium,,,
B,Fury-room — комната ярости,Санкт-Петербург,viral,вечеринка-формат / rage room,5.0,6,,https://fury-room.ru/,"Комната ярости на «Заводе Арсенал» (ул. Комсомола, 1-3): тарифы «Круши/Ломай», можно принести свои вещи, услуга «видеоролик разрушения» на память; ежедневно 12–21 по записи.",Rage room — классический вирусный формат; студия сама делает видео разрушения — готовый контент. Рейтинг 5.0 (6 отзывов).,,4,Для двоих;Для женщин;Универсальные,,,,,Fury-room комната ярости Комсомола 1-3,,https://2gis.ru/spb/firm/70000001081576218,medium,,,
B,Spora GT (дрифт-такси),Москва,extreme,дрифт-такси,5.0,4,6000,https://sporagt.ru/,"Заезд пассажиром с профессиональным дрифт-пилотом на подготовленном автомобиле на гоночной площадке (ADM Raceway, Мячково).","Дрифт-такси — один из самых востребованных «адреналиновых» сертификатов; Spora GT — отдельный оператор помимо Культуры Заноса (уже партнёр), сертификаты от 6 000 ₽.",True,4,Для мужчин;Универсальные,,,2gis,Мало оценок (2ГИС 5.0/4). На сайте продаются подарочные сертификаты на заезды. Заезды на Moscow Raceway (МО),Spora GT дрифт такси Москва,,https://sporagt.ru/programs/drift-taxi,medium,,,
B,Grizzly Nuts,Санкт-Петербург,gastro,Шоколадный МК (дубайский шоколад),5.0,3,,https://grizzlynuts.com/mk,Мастер-класс для взрослых: делаешь 6 плиток дубайского шоколада в роли шоколатье.,«Дубайский шоколад» — вирусный тренд 2025; ореховый бренд с производством.,,4,Для двоих;Для мужчин;Для женщин;Универсальные,,,2gis,"2ГИС 5.0, всего 3 оценки (Кременчугская 19к1); мало данных",Grizzly Nuts мастер-класс шоколад Санкт-Петербург,,https://grizzlynuts.com/mk,medium,,,
B,Мастерская «Творческий порядок»,Санкт-Петербург,craft,Столярка / эпоксидная смола / резьба,5.0,2,,https://tvporyadok.ru/school,"Курсы и МК по столярному делу, реставрации мебели, эпоксидной смоле и резьбе по дереву.",Закрывает сразу несколько запрошенных ниш (столярка + эпоксидка).,,3,Для мужчин;Для женщин;Универсальные,,,2gis,"2ГИС 5.0, всего 2 отзыва (Звенигородская 11); мало данных",Творческий порядок мастерская Санкт-Петербург,,https://tvporyadok.ru/school,low,,,
B,Sunset Beach Moscow — баня на воде,МО,country,Плавучая баня с панорамной парной,4.9,582,13500,https://sunsetbeachmoscow.ru/banya_na_vode,"Плавучий банный дом на Икшинском водохранилище: дровяная печь, парная с панорамными окнами на воду, комната отдыха на 6–8 человек, чан; рядом пляж и вейк.","Рейтинг 4.9 при 582 оценках на Яндекс Картах, 40 минут от МКАД — редкий формат «баня на воде» в ближнем Подмосковье; чек за компанию (13 500 ₽/час, минимум 4 часа).",,5,Для двоих,,,,,Sunset Beach Moscow Икша,,https://sunsetbeachmoscow.ru/banya_na_vode,high,,,
B,КуРаж — комната ярости,Санкт-Петербург,viral,вечеринка-формат / rage room,4.9,48,,https://kurazh-spb.com/,"Пространство для снятия стресса (ОЦ «Мир», ул. Трефолева, 4к2): бьют мебель, технику и посуду; индивидуально, для компаний и дней рождения.",Лучший рейтинг среди rage room СПб — 4.9 при 48 отзывах (2ГИС); формат гарантированно даёт эмоциональные видео.,,4,Для двоих;Для женщин;Универсальные,,,,,КуРаж комната ярости Трефолева 4к2,,https://2gis.ru/spb/firm/70000001037243278,medium,,,
B,Horseka Resort,МО,family,Конный курорт / ферма с животными,4.9,2,,https://horseka.ru/,"Загородный конный курорт в Подмосковье с фермой животных, конными прогулками и семейным отдыхом.","Продвигает семейный формат «ферма + лошади + отдых», в топах подборок «фермы с животными в Подмосковье»; нет среди партнёрских конных клубов.",,4,Для детей;Универсальные,,,other,"TopHotels 4.92 по 2 отзывам (нерепрезентативно); 311 отзывов на Путёвка.ком, карточка 2ГИС есть. Бывш. «Ивановское», Черноголовка",Horseka Resort Подмосковье,,https://horseka.ru/fermy-s-zhivotnymi-v-podmoskove/,low,,,
B,Luna & Nova (студии флоатинга),Санкт-Петербург,relax,Флоатинг,4.8,104,,https://www.floating-luna.ru/,"Флоатинг в единственной в России круглой флоат-камере с куполом-«луной» и проекцией северного сияния, рядом с Невским.","4.8 при 104 оценках, очень инстаграмная камера; есть замечания к состоянию душевых — уточнить при переговорах.",,5,Для двоих;Для женщин;Универсальные,,,,,Luna студия флоатинга Итальянская 5 Санкт-Петербург,,https://2gis.ru/spb/firm/70000001062680654,medium,,,
B,Sтанция 2025 (лазертаг-арена),Москва,extreme,лазертаг / экшн-квест,4.8,53,1500,https://www.station2025.ru/lasertag,"Крытая антуражная арена 1500 м² в стиле космической станции (Даниловский р-н): лазертаг, нерф, сюжетные экшн-квесты с актёрами, лофт и лаунж.","Лазертаг «нового формата» с декорациями и спецэффектами, рейтинг 2ГИС 4.8 (53 оценки), удобно для компаний и корпоративных сертификатов.",,4,Для мужчин;Универсальные,,,,,Станция 2025 лазертаг Москва,,https://laser-battle.ru/laser-clubs/stantsiya-2025/,medium,,,
B,Скалодром «Атом»,Санкт-Петербург,season,боулдеринг,4.8,,,https://atom.alandr-rocks.ru/,"Крупнейший скалодром на севере Петербурга (пр. Тореза, 68Д): боулдеринг, мунборд, высотный полигон, инструкторы.","Рейтинг 4.77, награда «Хорошее место» Яндекс Карт; дополняет Северную Стену/Igels.",,3,Для мужчин;Универсальные,,,,,Скалодром Атом проспект Тореза 68,,https://yandex.com/maps/org/atom/67018902377/,high,,,
B,Cacao Temple,Санкт-Петербург,gastro,Шоколадный МК (bean-to-bar),4.7,40,,https://cacaotemple.ru/master-class,"Шоколадные МК на Театральной пл., 4 в группах до 10: история и польза натурального шоколада, работа с ингредиентами.",Крафтовый bean-to-bar бренд с камерными группами — альтернатива RubisCookies.,,4,Для двоих;Для мужчин;Для женщин;Универсальные,,,2gis,2ГИС 4.7 по 40 оценкам (25 отзывов) — для какао-кафе Садовая 107; адрес Театральная пл. 4 в выдаче не подтверждён,Cacao Temple Театральная площадь 4,,https://cacaotemple.ru/master-class,medium,,,
B,Оранжерея Таврического сада (кафе и аренда),Санкт-Петербург,romance,Свидание в оранжерее,4.5,4160,,,"Тропическая оранжерея с кафе на втором этаже среди лиан, лимонов и пальм; аренда под фотосессию и камерное событие для двоих.","Топ-1 в подборках «романтические места Петербурга 2026» (piter.now, peterburg2); формат «ужин/кофе в оранжерее» закрывает осенне-зимний запрос.",,5,Для двоих,,,other,"4.5 по 4160 отзывам (площадка в сниппете не названа, вероятно Яндекс); есть жалобы на персонал; банкетный зал на Restoclub",Оранжерея Таврического сада,,https://piter.now/10-romanticheskih-mest-v-peterburge-dlya-nezabyvaemogo-svidaniya-ot-zvezdnogo-kupola-do-uyutnyh-kinosalonov/,medium,,,
B,Igloobar — свидание в прозрачном куполе на крыше,Москва,romance|season,Ужин в куполе,4.5,38,,https://igloobar.ru/,"Ресторан-иглу на крыше: ужин на двоих под прозрачным куполом с видом, готовые предложения «Lite» и премиум.",Ресторанный формат (полноценное меню) в отличие от пикник-сервисов; зимняя атмосфера иглу — сезонный хит.,,5,Для двоих;Для мужчин;Универсальные,,,zoon,"Сеть из 3 локаций (Арма, Н. Красносельская, ТРЦ Мозаика); одна из них на Zoon 3.0. Жалобы на тесноту куполов и изношенный интерьер",Igloobar ресторан на крыше Москва,,https://igloobar.ru/romanticheskoe-svidanie-na-kryshe-lite,medium,,,
B,Скалодром TOKYO,Москва,extreme,скалодром / боулдеринг,,,1000,,"Современный боулдеринговый зал у м. Дмитровская с трассами разной сложности, занятия для новичков.","Новый по духу, дизайнерский боулдер с модной атмосферой — в подборках T-Ж, КП, МН; хорошо смотрится в контенте.",,4,Для мужчин;Универсальные,,,,,скалодром TOKYO Дмитровская,,https://t-j.ru/list/climbing-wall-moscow/,medium,,,
B,Резиденция Активного Отдыха (rao.moscow),МО,extreme,эндуро / багги / квадро-туры,,,7490,https://rao.moscow/enduro,"Прокат и туры на эндуро, питбайках, квадроциклах и багги по Подмосковью с экипировкой и инструктором, без прав категории А.","Свежая техника 2025 года, круглогодичные покатушки, готовые туры «под сертификат» с прайсом от 7 490 ₽; альтернатива Питбайк24/МотоКультура, которые уже в базе.",,4,Для мужчин;Универсальные,,,,,Резиденция Активного Отдыха эндуро Подмосковье,,https://rao.moscow/enduro,medium,,,
B,Скалодром «Северная Стена»,Санкт-Петербург,extreme,скалодром,,,1000,,"Крупнейший скалодром Петербурга (2000+ м²): боулдеринг и лазание на трудность, занятия для новичков.","Лидер подборок KudaGo/Fiesta/КП по СПб; масштабный зал, замена El Capitan (уже в базе). Хорошо для «первого занятия» по сертификату.",,3,Для мужчин;Универсальные,,,,числового рейтинга не видно; отзывы Otzovik/T-Bank очень положительные («лучший скалодром страны»); Газовая 10З,скалодром Северная Стена Санкт-Петербург,,https://kudago.com/spb/list/luchshie-skalodromy-peterburga/,medium,,,
B,Skycenter DZ Пущино,МО,extreme,парашют-тандем,,,17990,,"Тандемный прыжок с 4000 м на одном из крупнейших парашютных аэродромов России (Серпуховский р-н, 86 км от Москвы).","Крупнейшая московская дропзона, отсутствует в базе партнёров (там только Путилово/ДОСААФ/Аэлита); цена 17 990 ₽ укладывается в чек.",,4,Для мужчин;Премиум,,,,,Skycenter DZ Пущино аэродром,,https://mos-holidays.ru/gde-mozhno-prygnut-s-parashyutom-top-6-luchshix-parashyutnyx-klubov-moskvy-i-oblasti,medium,,,
B,Flyboard Серебряный Бор,Москва,water,флайборд,,,4250,https://flyboard.msk.ru/product/flaybord,"Полёт на флайборде/ховерборде над водой в Серебряном Бору с инструктором, обучение включено.",Флайборд в черте города — зрелищно и фотогенично; отдельная точка вне MosWake (уже партнёр). Чек 4–7 тыс. ₽.,,5,Для двоих;Для мужчин;Универсальные,,,,,флайборд Серебряный бор Москва,,https://flyboard.msk.ru/product/flaybord,medium,,,
B,КаякСПБ (kayakspb.ru),Санкт-Петербург,water,каякинг по каналам,,,3000,https://kayakspb.ru/,"Экскурсии на байдарках по рекам и каналам исторического центра и по Неве, группы с инструктором.",Второй активный оператор каякинга по центру города — можно взять как резервного/параллельного партнёра под сертификат «Петербург на байдарке».,,4,Для двоих;Для мужчин;Универсальные,,,,"рейтинг не виден; Zoon/Tripadvisor, отзывы в целом положительные, есть смешанные; наб. Крюкова канала 20а",КаякСПБ байдарки по каналам Петербурга,,https://kayakspb.ru/,medium,KAYAKMOSCOW,,
B,Первая Яхтенная Школа,Санкт-Петербург,water,яхтинг / обучение,,,5000,https://yachtschoolspb.ru/,"Выходы и обучение на парусных яхтах в Финском заливе, лицензия IYT, 4000+ выпускников с 2007 года.","Крупнейшая по выпуску школа в СПб, регулярные 3-часовые выходы — готовый формат «первый раз под парусом» вместо Парусной школы Горская (уже партнёр).",,4,Для двоих;Для мужчин;Универсальные,,,,"карточка Яндекс Карт есть, рейтинг в сниппете не показан; IYT с 2007, 28 яхт",Первая Яхтенная Школа Санкт-Петербург,,https://t-j.ru/yachts-spb/,medium,,,
B,Дети Океана (фридайвинг),Санкт-Петербург,water,фридайвинг,,,,https://deti-okeana.ru/,Школа фридайвинга с пробными занятиями и курсами в бассейнах Санкт-Петербурга и Москвы.,Покрывает оба города одним партнёром; фридайвинг в СПб в базе партнёров отсутствует (только Dive Planet по дайвингу).,,3,Для двоих;Для мужчин;Универсальные,,,,"рейтинг не найден; работает в Москве и СПб (сеть), с 2012",Дети Океана школа фридайвинга Санкт-Петербург,,https://deti-okeana.ru/,medium,,,
B,Station Club (крытый вейк-парк),Москва,water,крытый вейк / дроны,,,,https://station.club/direction/wake/,"Крытый вейк-парк в центре Москвы с тренировками для любого уровня, а также направление пилотирования дронов.","Круглогодичный вейк в помещении — редкость, снимает сезонность сертификата; в том же клубе есть FPV-дроны (двойная ценность партнёра).",,4,Для двоих;Для мужчин;Универсальные,,,,,Station Club крытый вейк-парк Москва,,https://station.club/direction/wake/,medium,FLYSTATION,,
B,FlotPitera (прокат гидроциклов),Санкт-Петербург,water,гидроциклы,,,4000,https://flotpitera.ru/prokat-gidrociklov,"Катание на мощных гидроциклах Yamaha/Kawasaki/BRP (110–165 л.с.) по Неве и Финскому заливу с инструктажем, старт с ул. Береговая 10.","Гидроцикл под разводными мостами — топовый летний визуал; экипировка и гидрокостюм включены, чек от 4 000 ₽.",,4,Для двоих;Для мужчин;Универсальные,,,,рейтинг не найден; работают с 2010; 3990 руб/30 мин,FlotPitera прокат гидроциклов Береговая 10,,https://flotpitera.ru/prokat-gidrociklov,medium,,,
B,Воздухоплавательный клуб «Аэровальс»,МО,air,воздушный шар,,,,https://www.aerowaltz.ru/,"Полёты на воздушном шаре над Дмитровом и Подмосковьем, база на Правонабережной ул., 1Б.","Есть карточки на Яндекс Картах/2ГИС/Tripadvisor, включён в путеводитель Подмосковья; второй «шарный» оператор для покрытия спроса на рассветные полёты.",,4,Для двоих;Для мужчин;Универсальные,,,,,Аэровальс аэроклуб Дмитров,,https://welcome.mosreg.ru/ideas/otorvat-sa-ot-zemli-vozduhoplavatel-nyj-klub-aeroval-s,medium,,,
B,ParaDrive (полёты в тандеме),МО,air,параплан-тандем,,,5000,https://www.paradrive.ru/polety-v-tandeme/,"Тандемные полёты на параплане с инструктором на парадромах Подмосковья с затяжкой лебёдкой, клуб работает с 2002 года.",Крупный игрок с собственным магазином снаряжения и лётной программой; ~5 000 ₽ за полёт. Замена ПараГуру/Мое небо из базы.,,4,Для двоих;Для мужчин;Универсальные,,,,,ParaDrive парапланерный клуб Москва,,https://www.paradrive.ru/polety-v-tandeme/,medium,,,
B,Планерный клуб «Щёкино» (аэродром Малино),МО,air,планер,,,10000,,Ознакомительные полёты пассажиром на планерах Blanik L-13 и Twin Astir с аэродрома Малино.,"Планер — редкая категория, у WOWlife её нет; цены 10–15 тыс. ₽ (через агрегаторы), тихий «парящий» полёт хорошо продаётся как романтический подарок.",,4,Для двоих;Для мужчин;Универсальные,,,,,планерный клуб Щекино аэродром Малино,,https://www.nebo-v-podarok.ru/planer.html,low,,,
B,Do-neba.ru (вертолётные прогулки над Петербургом),Санкт-Петербург,air,вертолёт,,,17500,https://do-neba.ru/polety-na-vertolete/,"Полёты на вертолёте над центром Петербурга с площадок в черте города, 15 лет работы, 20 000+ клиентов.",Вертодромы внутри города (не нужно ехать в область); сертификаты на сайте от 17 500 ₽. Альтернатива Vzletim/Небо Питера из базы.,True,4,Для двоих;Для мужчин;Премиум,,,,рейтинг не найден; отзывы только на собственном сайте; от 12300 руб,Do-neba полет на вертолете Санкт-Петербург,,https://do-neba.ru/polety-na-vertolete/,medium,,,
B,"TouchSky (аэродром Сиворицы, Гатчина)",СПб и ЛО,air,Як-52 / пилотирование,,,7000,https://touchsky.ru/,"Полёты на Як-18Т и высший пилотаж на Як-52 с аэродрома Сиворицы под Гатчиной, съёмка на борту.",Отдельный аэродром от Гостилиц (ССК Невский/Vzletim в базе); высший пилотаж — сильный продукт для «экстрим-неба».,,4,Для двоих;Для мужчин;Универсальные,,,,"рейтинг не найден; на 2ГИС есть карточка АСК «Сиворицы» (ДОСААФ), TouchSky — оператор услуг на аэродроме",аэродром Сиворицы Гатчина полеты Як-52,,https://touchsky.ru/ceny-na-uslugi/polety-na-samolete-aerodrom-gatchina-sivoritsy,medium,,,
B,DroneLife (FPV на Кордодроме),Москва,tech,FPV-дроны,,,,https://dronelife.ru/poletat-na-drone-v-moskve-arenda-i-obuchenie/,"Уличная освещённая FPV-трасса с воротами и фигурами на Кордодроме (ул. Красного Маяка, 28): аренда дронов, обучение, вечерние полёты.",Открытая трасса с подсветкой — необычный визуал; формат «первый полёт с наставником» удобен под сертификат.,,4,Для мужчин;Универсальные,,,,,DroneLife FPV трасса Красного Маяка 28,,https://dronelife.ru/gde-poletat-na-drone-v-moskve-ulichnaya-fpv-trassa-dlya-trenirovok-i-sorevnovanij/,medium,,,
B,DroneStation (Дрон-станция у Дубровки),Москва,tech,FPV-дроны,,,,https://dronestation.club/,"Первая в Москве учебно-развлекательная дрон-станция: двухуровневая LED-трасса для дронов 65–85 мм, зона симуляторов, аренда.","Позиционируется как первая в городе, крытая LED-трасса — фотогенично и всесезонно.",,4,Для мужчин;Универсальные,,,,,DroneStation дрон-станция Дубровка,,https://dronestation.club/,medium,,,
B,Garage (симрейсинг-клуб Dudarev Motorsport),Москва,tech,sim racing,,,1500,https://garage.dudarevmotorsport.ru/,"Клуб гоночных симуляторов с онлайн-бронированием сессий: профессиональные кокпиты, руль/педали, базовая настройка и помощь администратора.",Симрейсинг сейчас в тренде; клуб связан с гоночной командой Дударева (аренда симуляторов на фестивалях) — узнаваемый мотоспортивный бренд.,,4,Для мужчин;Универсальные,,,,,Garage симрейсинг клуб Dudarev Motorsport Москва,,https://garage.dudarevmotorsport.ru/,medium,,,
B,ZAGA-GAME (VR-арена),Москва,tech,VR-арена свободного перемещения,,,1500,,"VR-арена 180 м² на шлемах Oculus Quest 2: до 10 игроков, командные турниры без проводов и ограничений движения.","Актуальная арена в рейтингах 2026 (a4vrpark/КП), Anvio и Portal VR уже в базе — нужен новый VR-партнёр под спрос на командные сертификаты.",,3,Для мужчин;Универсальные,,,,,ZAGA-GAME VR арена Москва,,https://a4vrpark.ru/luchshie-vr-kluby-v-moskve,medium,,,
B,Огниво (гастробаня),Москва,relax,Гастробаня нового формата,,,,,Баня + гастрономия: парение и ужин в одном пространстве у Киевского вокзала.,"Открылась в конце октября 2025 от создателей «Жар-Птицы» — свежий, обсуждаемый в медиа объект; тренд «баня как ресторанный опыт».",,4,Для двоих;Для женщин;Универсальные,,,,,Огниво гастробаня Киевский вокзал Москва,,https://snob.ru/style/russkii-velness-8-novykh-ban-i-spa-v-moskve/,medium,,,
B,GREMM Ice Baths,Москва,relax,Ледяные ванны + дыхание,,,,http://icegremm.ru/,"Сессии ледяных ванн, дыхательных практик и криотерапии в атмосфере премиальной библиотеки с сертифицированными инструкторами.",Формат «cold plunge + breathwork» — один из главных велнес-трендов 2025–2026; нестандартный подарок для мужчин/спортивной аудитории.,,4,Для двоих;Для женщин;Универсальные,,,,,GREMM ледяные ванны Москва,,http://icegremm.ru/,low,,,
B,МПара (банный клуб),Санкт-Петербург,relax,Банный клуб премиум,,,,https://mpara.ru/,Индивидуальное парение и SPA-парение в банном клубе премиум-класса.,"Позиционируется как VIP-банный клуб для ценителей, мастера подбирают парение под гостя; сегмент премиальных бань СПб слабо закрыт партнёрами.",,3,Для двоих;Для женщин;Универсальные,,,,"рейтинг не найден; Большой пр. ПС 84, 4 этаж",МПара банный клуб Санкт-Петербург,,https://mpara.ru/,low,,,
B,MR.RIGHT (барбершоп на Патриарших),Москва,beauty,Барбершоп премиум,,,,https://mr-right.ru/,"Королевское бритьё опасной бритвой, стрижка и уход за бородой в премиальном барбершопе на Патриарших.","Локация и бренд «на Патриках», электронные сертификаты уже продаются на сайте; сильный мужской подарок.",True,4,Для двоих;Для женщин,,,,,MR.RIGHT барбершоп Патриаршие пруды,,https://mr-right.ru/certificates,medium,,,
B,Asia Beauty SPA,Москва,beauty,Премиум спа (Азия),,,,,"Тайский/балийский/китайский массаж и спа-программы у мастеров из Таиланда, Бали и Китая, круглосуточно.",Сеть премиальных спа в топ-подборках 2026; замена Wai Thai/Royal Thai в категории азиатского спа.,,4,Для двоих;Для женщин,,,,,Asia Beauty SPA Москва,,https://www.kp.ru/russia/moskva/lechenie/luchshie-spa-salony-v-moskve/,medium,,,
B,СПА-комплекс отеля «Легенда»,Москва,beauty,Отельный спа премиум,,,,,"Спа-день: 14 процедурных кабинетов, хаммам, финская сауна, бассейн с панорамным видом.",Один из самых крупных и роскошных спа-комплексов Москвы по подборкам 2026; «день красоты» в отеле — сильный подарочный формат.,,5,Для двоих;Для женщин,,,,,СПА отель Легенда Москва,,https://vc.ru/travel/2305846-luchshie-spa-salony-moskvy,low,,,
B,Radisson Collection Fitness & Spa,Москва,beauty,Велнес-клуб с дневным доступом,,,,,"Дневной визит: 49,5-метровый бассейн, русская баня с купелью, хаммам, бальнеотерапия, салон красоты (3500 м²).","Крупнейший велнес-комплекс в центре Москвы (гостиница «Украина»), эффектная сталинская локация; закрывает нишу «велнес-клуб с day pass».",,5,Для двоих;Для женщин,,,,,Radisson Collection Fitness Spa Кутузовский Москва,,https://top15moscow.ru/novosti/luchshie-spa-v-moskve,medium,,,
B,Студия массажа на Корпусной,Санкт-Петербург,beauty,Массаж-студия с концепцией,,,,,"Массаж в студии с атмосферой техно-клуба: индивидуальный плейлист на сеанс, столы с подогревом, масло сладкого миндаля.",Яркая концепция «массаж + музыка» выделяется в подборках 2026 — хороший инфоповод и визуал для карточки.,,4,Для двоих;Для женщин,,,,,студия массажа Корпусная 9 Санкт-Петербург,,https://top15moscow.ru/novosti/5-luchsih-massazhnyh-salonov-peterburga,low,,,
B,ONLYIMAGE (имидж-студия Елены Ашмариной),Москва,beauty,Стилист / шоппинг-сопровождение,,,12500,https://www.onlyimage.ru/,"Консультация стилиста, разбор гардероба и шоппинг-сопровождение (3 часа) — есть отдельный сертификат для мужчин.",Работающая имидж-студия с прайсом и онлайн-оформлением сертификатов; замена LookBox в категории стилиста.,True,3,Для двоих;Для женщин,,,,,ONLYIMAGE имидж-студия Лесная 43 Москва,,https://www.onlyimage.ru/uslugi/podarochnyj-sertifikat/podarok-muzhchine,medium,,,
B,CavaCava (школа сомелье),Москва,premium,Винные и сигарные дегустации,,,,https://cavacava.ru/,"Открытые дегустации вин, индивидуальные дегустации сигар, частные праздники.","Универсальные сертификаты на все мероприятия, включая сигары — закрывает ниши «коллекционные вина/сигары».",True,3,Для двоих;Для мужчин;Премиум,,,,Дубль записи «Школа сомелье CavaCava» (priority A). Карточек с рейтингом в выдаче нет,CavaCava школа сомелье Москва,,https://cavacava.ru/gift_certificates,medium,,,
B,Москоу Кантри Клаб (гольф),МО,premium,Гольф-клуб,,,,https://moscowcountryclub.ru/,Знакомство с гольфом / урок на чемпионском поле загородного клуба в 12 км от МКАД.,Единственный полноформатный гольф-курорт у Москвы с онлайн-продажей сертификатов; премиальный визуал поля.,True,5,Для двоих;Для мужчин;Премиум,,,,,Москоу Кантри Клаб гольф Нахабино,,https://moscowcountryclub.ru/podarochnye-sertifikaty/,medium,Moscow Improv Club (MIC),,
B,Академия гольфа ПИРогово,МО,premium,Гольф / клубный курорт,,,,https://pirogovo.ru/academy/,Вводное занятие по гольфу для новичков в академии клубного курорта «Пирогово».,Продают сертификаты на обучение гольфу; курорт с ярким визуалом на Клязьминском водохранилище.,True,5,Для двоих;Для мужчин;Премиум,,,,,Пирогово гольф академия Мытищи,,https://pirogovo.ru/gift/,medium,,,
B,Территория Полета,Москва,premium,Вертолёт + ресторан,,,,https://territoriapoleta.ru/,Романтический полёт на вертолёте над Подмосковьем с включённым счётом в ресторане.,"Формат «вертолёт + ужин» в каталоге, сертификаты; замена Fly Zone/МосНебо в премиальном сегменте.",True,4,Для двоих;Для мужчин;Премиум,,,,,Территория Полета вертолётные прогулки Москва,,https://territoriapoleta.ru/catalog/heli/,low,,,
B,DayDream (аренда премиум-авто),Санкт-Петербург,premium,Аренда суперкаров,,,,https://daydream.ru/,"Аренда Porsche 911, Lamborghini, Ferrari, McLaren, кабриолетов — самостоятельно или с водителем.","Премиальный сервис с парком суперкаров в СПб, положительные отзывы (машины брали «в подарок на день рождения»).",,5,Для двоих;Для мужчин;Премиум,,,,,DayDream прокат автомобилей Малый проспект В.О. 62,,https://2gis.ru/spb/firm/70000001028092184/tab/reviews,medium,,,
B,VIPFLOT (аренда яхт),Санкт-Петербург,premium,Яхты премиум-класса,,,,https://vipflot.com/,"Прогулка на яхте премиум-класса с капитаном по Неве и Финскому заливу, в Кронштадт.",Позиционируется на премиум-сегменте (в отличие от массовых катеров); замена Boattrip/IslandBoats.,,4,Для двоих;Для мужчин;Премиум,,,,,VIPFLOT аренда яхт Санкт-Петербург,,https://vipflot.com/yahty,low,,,
B,Душа в чаю (чайный клуб),Москва,mindful,Чайная церемония,,,,https://dushinechaju.ru/,"Приватная чайная церемония (1,5 ч) в уединённой чайной — пространство полностью отдаётся вам и гостям.","Формат «вся чайная только для вас», на сайте отдельная страница сертификатов (действуют 12 мес.); замена ЧаЕ.",True,4,Для двоих;Для женщин,,,,,Душа в чаю чайная Москва,,https://dushinechaju.ru/sertifikat,medium,,,
B,Aroma Lab (парфюмерная лаборатория),Москва,mindful,Парфюмерный мастер-класс,,,,https://aroma-lab.ru/,"Групповой мастер-класс по созданию духов по расписанию (вт/чт 19:00, сб/вс 12:00).",Регулярное расписание удобно для сертификатов с открытой датой; положительные отзывы на irecommend.,,3,Для двоих;Для женщин,,,,,Aroma Lab парфюмерная лаборатория Москва,,https://aroma-lab.ru/gruppovoj-master-klass/,medium,,,
B,Парфюмерное ателье «Аромаобраз»,Москва,craft,Парфюмерия — свой аромат,,,,https://aromaobraz.com/,Работа с парфюмером над собственной формулой; по сертификату уносишь 2 флакона созданного аромата.,"Готовый подарочный сертификат на сайте, камерный ателье-формат.",True,3,Для мужчин;Для женщин;Универсальные,,,,,Аромаобраз парфюмерное ателье Москва,,https://aromaobraz.com/podarochnyiy-sertifikat-na-master-klass-po-parfyumerii,medium,,,
B,SMOG ювелирная мастерская,Москва,craft,Ювелирный МК — кольца,,,,https://firmasmog.ru/workshop,"Ювелирный мастер-класс в мастерской дизайнерского бренда SMOG: кольцо в металле (до 6 ч) или по восковой модели (2×3 ч), группа до 3 человек.",Дизайнерский бренд минималистичных украшений — сильный визуал и статус; камерная группа.,,4,Для мужчин;Для женщин;Универсальные,,,,,SMOG ювелирная мастерская Москва,,https://firmasmog.ru/workshop,medium,,,
B,Мастерская и школа стекла на ВДНХ,Москва,craft,Стекло — фьюзинг/витраж/лэмпворк,,,,https://remesla.vdnh.ru/residents/masterskaya-i-shkola-stekla-na-vdnkh/,"Короткие базовые программы по фьюзингу, витражу «тиффани» и лэмпворку (горячее стекло) на ВДНХ.","Локация ВДНХ (кластер ремёсел), короткие форматы удобны для сертификата.",,3,Для мужчин;Для женщин;Универсальные,,,,,Мастерская и школа стекла ВДНХ,,https://vdnh.ru/places/masterskaya-i-shkola-stekla/,medium,,,
B,Glass Academy Russia,Москва,craft,Стекло — выдувание,,,14000,https://glassacademyrussia.ru/blowing,"6-часовое занятие по выдуванию стекла: первые стеклянные бусины/изделия; 14 000 ₽ в группе, 18 000 ₽ индивидуально.","Настоящее выдувание стекла в Москве — редкость; чек на верхней границе, но wow-эффект высокий.",,4,Для мужчин;Для женщин,,,,,Glass Academy Russia выдувание стекла Москва,,https://glassacademyrussia.ru/blowing,medium,,,
B,Study Calligraphy (скрипторий),Москва,craft,Каллиграфия,,,,https://studycalligraphy.com/studio/,"Воркшопы и мастер-классы по каллиграфии в собственном скриптории, все уровни, есть индивидуальные занятия.","Бренд с собственной линейкой инструментов — эстетичный визуал, лояльное комьюнити.",,4,Для мужчин;Для женщин;Универсальные,,,,,Study Calligraphy скрипторий Москва,,https://studycalligraphy.com/studio/,medium,,,
B,Арт-студия «Чёрный квадрат»,Москва,craft,Свечеварение,,,,https://blacksart.ru/master-klassy/svechevanie/,"МК по свечеварению с ароматами премиум-класса, сертификаты в электронном/бумажном виде.",Премиальные ароматы и готовые сертификаты; подходит под запрос «мыловарение/свечи премиум».,True,3,Для мужчин;Для женщин;Универсальные,,,,,Арт-студия Чёрный квадрат Москва мастер-классы,,https://blacksart.ru/master-klassy/svechevanie/,low,,,
B,Столярная школа «Кедросад Мастер» (КЕДР),Москва,craft,Столярка,,,10000,https://kedrosadmaster.ru/master-classy2,Однодневные столярные МК и коворкинг; сертификат от 10 000 ₽ = 5 часов занятий с мастером.,Фиксированный номинал сертификата и однодневные форматы — легко продавать; альтернатива DIY Академии (уже партнёр).,True,3,Для мужчин;Для женщин;Универсальные,,,,,Кедросад Мастер столярная школа Москва,,https://kedrosadmaster.ru/podarochnyy_sertifikat,medium,,,
B,Ковруа (Kovrua),Санкт-Петербург,craft,Тафтинг ковров,,,,https://kovrua.com/study,Творческие МК по тафтингу прямо на производстве ковров с пистолетами AK1/AK Duo/AK Pro.,Настоящее ковровое производство как площадка — аутентичнее студий; тренд тафтинга.,,4,Для мужчин;Для женщин;Универсальные,,,,рейтинг не найден; запись через Instagram/Telegram,Ковруа тафтинг мастер-класс Санкт-Петербург,,https://kovrua.com/study,medium,,,
B,MyHyggeBox,Санкт-Петербург,craft,Парфюмерия / шоколад / чайная церемония / тафтинг,,,,https://myhyggebox.ru/spb,"Студия на Английском пр., 24: создание духов (5 мл EDP, 2,5–3 ч), шоколад руками, чайная церемония Пин Ча; в Москве — тафтинг.",Один партнёр закрывает 3–4 подарочных формата; работает в СПб и Москве.,,3,Для мужчин;Для женщин;Универсальные,,,,рейтинг в сниппете не показан; карточки Яндекс/Zoon/T-Bank есть; сеть Москва + СПб; вт — выходной,MyHyggeBox студия Английский проспект 24,,https://myhyggebox.ru/parfumspb,medium,,,
B,Истринская сыроварня Олега Сироты,МО,gastro,Сыроварня — экскурсия,,,6000,https://parmezan.ru/excursion/,Индивидуальная/групповая экскурсия по полному циклу «молоко → сыр» — 6000 ₽ за группу до 6 человек.,"Самый известный сырный бренд Подмосковья, медийный основатель; хорошая узнаваемость для подарка.",,4,Для двоих;Для мужчин;Для женщин;Универсальные,,,,"Карточка Яндекс Карт есть, рейтинг не виден. Массовое место, по выходным переполнено",Истринская сыроварня Олега Сироты,,https://parmezan.ru/excursion/,high,,,
B,Сыроварня «Ясно Поле»,МО,gastro,Сыроварня — МК по сыру,,,1600,https://yasnopole.ru/syrovarnya/ekskursii-i-master-klassy/,"Экскурсия с дегустацией и погребами (сб/вс 11:00, 1600 ₽) и мастер-класс, где сам варишь сыр под руководством технолога (10+).","Эко-парк с музеем сыра и фермой — семейный загородный формат; уточнить расположение (Заокский р-н, ~110 км от МКАД).",,4,Для двоих;Для мужчин;Для женщин;Универсальные,,,,,Ясно Поле сыроварня,,https://yasnopole.ru/syrovarnya/ekskursii-i-master-klassy/,medium,,,
B,Eastbrew Coffee Lab,Москва,gastro,Кофе — каппинг / латте-арт,,,,https://eastbrew.com/lab/,"Индивидуальные МК в кофейном тренинг-центре: органолептика, каппинг, заваривание дома, латте-арт.","Профессиональный тренинг-центр обжарщика, а не «курсы для персонала» — подходит любителям.",,3,Для двоих;Для мужчин;Для женщин;Универсальные,,,,,Eastbrew Coffee Lab Москва,,https://eastbrew.com/lab/,medium,,,
B,Пивоварня «Полночный проект» (кластер «Степан Разин»),Санкт-Петербург,gastro,Крафтовая пивоварня — тур,,,2700,,"Экскурсия по крафтовой пивоварне в историческом кластере «Степан Разин» с дегустацией 6–10 сортов (в т.ч. томатное, шоколадное).",Историческая локация старейшего пивзавода + крафт; туры уже продаются через агрегаторы (2700–2900 ₽).,,4,Для двоих;Для мужчин;Для женщин;Универсальные,,,,,Полночный проект пивоварня Степан Разин,,https://www.sputnik8.com/ru/st-petersburg/category/pivovarnya,medium,,,
B,Smile Theater — театральная школа,Москва,learn,Актёрское мастерство / импровизация,,,,https://smile-theater.ru/shkola-akterskogo-masterstva/uroki-improvizacii/,"Уроки импровизации, курс актёрского мастерства и ораторского искусства для взрослых; подарочные сертификаты.",Есть отдельный продукт «урок импровизации» и сертификаты; альтернатива Moscow Improv Club.,True,3,Для женщин;Универсальные,,,,,Smile Theater театральная школа Москва,,https://smile-theater.ru/,medium,,,
B,StandupSchool.ru,Москва,learn,Школа стендапа,,,,https://standupschool.ru/,За 4 недели пишешь первый стендап-монолог и выступаешь.,Стендап — массовый тренд; короткая программа с выступлением в финале — хороший «результат» для подарка.,,3,Для женщин;Универсальные,,,,,StandupSchool школа стендапа Москва,,https://standupschool.ru/,low,,,
B,Король говорит!,Москва,learn,Ораторское мастерство,,,,https://корольговорит.рф/,"Курс из 8 занятий, снимающий страх публичных выступлений; филиалы в Москве, СПб и других городах.",Федеральная сеть с единым продуктом — можно подключить сразу обе локации.,,3,Для женщин;Универсальные,,,,,Король говорит курсы ораторского мастерства,,https://xn--b1abqffracbogz7j.xn--p1ai/,medium,,,
B,Oratoris — школа ораторского искусства,Санкт-Петербург,learn,Ораторское мастерство,,,,https://oratoris.ru/,Тренинги по ораторскому искусству и риторике; школа основана в 2008 году Антоном Духовским.,Старейшая профильная школа СПб с именным основателем.,,2,Для женщин;Универсальные,,,,,Oratoris школа ораторского искусства Санкт-Петербург,,https://oratoris.ru/,medium,,,
B,Клаустрофобия — иммерсивные квесты,Москва,visual,Иммерсивный квест / театральный квест,,,,https://claustrophobia.com/moscow/categories/immersivnye-kvesty,Линейка иммерсивных квестов с актёрами от крупнейшей квест-сети.,Масштабируемый партнёр с десятками локаций; иммерсивные квесты с актёрами — не классический escape room.,,3,Для двоих;Для женщин;Универсальные,,,,,Клаустрофобия иммерсивные квесты Москва,,https://claustrophobia.com/moscow/categories/immersivnye-kvesty,medium,,,
B,Московский планетарий — полнокупольный спектакль «Коперник»,Москва,visual,Полнокупольное шоу,,,,,"Научный мультимедийный спектакль на одном из крупнейших купольных экранов Европы (премьера 5.11.2025), возрождение «Научного звёздного театра».",Новый формат «спектакль под куполом» у главного планетария страны — сильный визуал; договор с госучреждением потребует времени.,,5,Для двоих;Для женщин;Универсальные,,,,,Московский планетарий,,https://www.forbes.ru/novosti-kompaniy/549085-moskovskij-planetarij-predstavlaet-polnokupol-nyj-spektakl-kopernik,high,Планетарий №1,,
B,Фондовая оранжерея Главного ботанического сада РАН,Москва,visual,Свидание в оранжерее,,,,,"Тропическая оранжерея, признанная одним из лучших мест для свиданий в Москве; рядом лаунж-ресторан с атмосферой цветущего сада.",Готовая «инстаграмная» локация под продукт «свидание в оранжерее»; нужен оператор (ресторан/ивент-агентство) для пакета.,,5,Для двоих;Для женщин;Универсальные,,,,,Фондовая оранжерея Ботанический сад Москва,,https://cuva.ru/blog/romaticheskie-mesta-moskvy,low,,,
B,DinoSkazka (Динопарк в парке «Сказка»),Москва,family,Парк динозавров,,,,https://parkskazka.com/places/dinopark/,"Парк динозавров под открытым небом в Крылатском: 20+ движущихся и рычащих фигур до 9 м высотой, на некоторых можно посидеть.","Стабильный семейный хит по подборкам «где посмотреть динозавров 2026»; вход в парк «Сказка» бесплатный, зарабатывают на абонементах — удобно для сертификата на день.",,4,Для детей;Универсальные,,,,,Динопарк парк Сказка Крылатское,,https://parkskazka.com/places/dinopark/,medium,,,
B,Accademia del Gusto,Москва,family,Детская кулинарная студия,,,,https://delgusto.ru/kulinarnye-master-klassy/kulinarnye-master-klassy-dlya-detey/,Кулинарная студия с отдельной линейкой детских мастер-классов и курсов по приготовлению еды.,Итальянская гастро-специализация и детские курсы — отличие от массовых студий; в топ-подборках kp.ru по кулинарным МК для детей.,,3,Для детей;Универсальные,,,,,Accademia del Gusto кулинарная студия Москва,,https://delgusto.ru/kulinarnye-master-klassy/kulinarnye-master-klassy-dlya-detey/,medium,,,
B,Кулинарная студия «ВкусоТеррия»,Москва,family,Кулинарная студия (семья/дети),,,,https://vkusoterria.ru/podarochnyij-sertifikat,"Кулинарные мастер-классы для взрослых и детей, детские праздники; подарочный сертификат на любую программу.","Уже продают собственные сертификаты (страница «Подарочный сертификат»), значит формат отработан; семейные и детские МК.",True,3,Для детей;Универсальные,,,,,ВкусоТеррия кулинарная студия Москва,,https://vkusoterria.ru/podarochnyij-sertifikat,medium,,,
B,Студия BestMemories — фотосессия с животными,Москва,family,Фотосессия с животными,,,5000,https://bestmemories.ru/fotosessiya-s-zhivotnymi,"Студийная семейная фотосессия с дружелюбными животными (альпака, ослики, кролики), приученными к камере.",Тренд 2025–2026 на «фото с альпакой» в студии без поездки за город; аренда животного от 5000 ₽ — чек в целевом диапазоне.,,5,Для детей;Универсальные,,,,,BestMemories фотостудия Москва,,https://bestmemories.ru/fotosessiya-s-zhivotnymi,medium,,,
B,Семейная ферма «Континент»,СПб и ЛО,family,Контактная ферма,,,,,"Ферма в посёлке Керро (Всеволожский район): более 20 видов животных — козы ламанча, овцы дорпер, бурские козы, альпаки; экскурсии с кормлением.","Попала в подборку KudaGo «места на природе, где можно пообщаться с животными» (2026); формат семейной экофермы рядом с городом.",,3,Для детей;Универсальные,,,,,Семейная ферма Континент Керро,,https://kudago.com/spb/list/mesta-na-lone-prirody-gde-mozhno-poobshatsya-s-zhi/,medium,,,
B,Парк «Озорные белки»,СПб и ЛО,family,Контактный парк животных,,,,,"Прогулка с альпаками, овцы керри-хилл, англо-нубийские козы, кролики, фазаны, белки и павлины.",Формат «прогулка с альпакой» — фотогенично и редко; в подборке KudaGo 2026.,,4,Для детей;Универсальные,,,,,Парк Озорные белки Ленинградская область,,https://kudago.com/spb/list/mesta-na-lone-prirody-gde-mozhno-poobshatsya-s-zhi/,medium,,,
B,Экспериментаниум — научный спектакль,Москва,season,Крытый семейный музей,,,,https://experimentanium.ru/,Интерактивный научный спектакль «Отдел космических испытаний» и шоу с опытами по выходным и в каникулы.,"Крытый формат под осенне-зимние каникулы, обновлённая программа 2026.",,4,Для мужчин;Универсальные,,,,,Экспериментаниум музей Москва,,https://www.putevka.com/moskva/moskva/sight/muzey-zanimatelnykh-nauk-eksperimentanium,high,,,
B,EmotionCity — свидание на крыше в центре Петербурга,Санкт-Петербург,romance,свидание на крыше,,,,https://www.emotioncity.ru/svidanie-na-kryshe-v-centre-peterburga,"Прозрачный купол-сфера 12 м² на крыше с пуфами, пледами и столом для двоих.",Формат «купол на крыше» — самый заказываемый романтический подарок; у компании уже есть сертификаты (продаются даже на Яндекс Маркете).,True,4,Для двоих,,,,,EmotionCity свидание на крыше Санкт-Петербург,,https://www.emotioncity.ru/svidanie-na-kryshe-v-centre-peterburga,medium,,,
B,Дзен на дереве — дом на дереве в Ленобласти,СПб и ЛО,romance,ночь в необычном отеле,,,,,"Дом на дереве для двоих в Ломоносовском районе ЛО, формат «отель-идея» для романтического уикенда.",Попал в топ-8 необычных отелей для двоих Ленобласти от Яндекс Путешествий (2025–2026); дефицитный для СПб формат «дом на дереве».,,5,Для двоих,,,,,Дзен на дереве Ломоносовский район,,https://travel.yandex.ru/journal/top-8-neobychnykh-oteley-dlya-dvoikh-v-leningradskoy-oblasti/,medium,,,
B,МыЗдесь — загородный клуб с банными чанами,СПб и ЛО,romance,чан у воды для двоих,,,4500,https://mizdes.com/,"Загородный клуб в ЛО: банный чан под звёздным небом, домики для пары, вечер у воды.",Отзывы про «чан под звёздным небом» — готовый визуал для романтического сертификата; сезонно работает и осенью-зимой.,,4,Для двоих,,,,,загородный клуб МыЗдесь Ленинградская область,,https://mizdes.com/turbazy-s-bannymi-chanami-v-sankt-peterburge-i-oblasti/,medium,,,
B,Бисальса — школа сальсы и бачаты,Санкт-Петербург,romance,урок танца для пары,,,2750,https://besalsa.ru/,"Индивидуальный урок сальсы/бачаты для пары с преподавателем, есть скидка для пар.",Парный танец — устойчивый подарочный формат (сертификаты на 2750 ₽ у агрегаторов); школа позиционируется именно на пары.,,3,Для двоих,,,,,Бисальса школа танцев Санкт-Петербург,,https://besalsa.ru/,medium,,,
B,Антикинотеатр «Секрет» — кинотеатр для двоих,Москва,romance,приватный кинотеатр,,,,https://cinemasecret.ru/,"Частный кинозал с диваном для пары, кино + игры + музыка, чизкейки и шоколадное фондю.",Есть на Tripadvisor и в топах «романтическое свидание в Москве»; гости хвалят атмосферу и десерты.,,4,Для двоих,,,,,антикинотеатр Секрет Москва,,https://www.tripadvisor.com/Attraction_Review-g298484-d15335711-Reviews-Cinema_Secret-Moscow_Central_Russia.html,medium,,,
B,Secret Date — свидание в кинозале «Космос»,Москва,romance,приватный кинотеатр,,,,https://secretdate.ru/,"Романтическое свидание в приватном кинозале (зал «Космос»), ужин на двоих разных кухонь, можно приносить своё.",Тематические залы дают инстаграмный визуал; на сайте подборка отзывов о свиданиях.,,4,Для двоих,,,,,Secret Date кинотеатр для двоих Москва,,https://secretdate.ru/,medium,,,
B,Painty — арт-вечеринки,Москва,romance,живопись с вином,,,,https://www.painty.ru/,"Пошаговая арт-вечеринка с художником и ассистентом, участники выбирают сюжет; Москва и Петербург.","Крупнейший бренд арт-вечеринок в России, много локаций — удобно для сертификата с выбором даты.",,3,Для двоих,,,,,Painty арт-вечеринка Москва,,https://www.painty.ru/,medium,,,
B,Держи Ритм — школа бачаты,Москва,romance,урок танца для пары,,,,https://www.derziritm.ru/price/gift.html,"Индивидуальный урок бачаты для пары, есть раздел подарочных сертификатов на сайте.",Готовые подарочные сертификаты уже продаются; бачата — самый «свиданческий» танец 2025–2026.,True,3,Для двоих,,,,,Держи Ритм школа бачаты Москва,,https://www.derziritm.ru/price/gift.html,medium,,,
B,Школа танцев «Бачата» (bachata.su),Москва,romance,урок танца для пары,,,,https://bachata.su/bachata-individualno/,"Индивидуальные занятия бачатой для пары, залы во всех районах Москвы и филиал в СПб.",Сеть с покрытием обоих городов — один договор на два рынка.,,3,Для двоих,,,,,Школа танцев Бачата Москва,,https://bachata.su/bachata-individualno/,medium,,,
B,Экоранчо «Алексеевка» — дом на дереве,МО,romance,ночь в необычном отеле,,,,,"Малый дом на дереве для двоих, A-frame и шале на 40 га в Можайском округе.",В подборке welcome.mosreg «27 романтических отелей»; формат «дом на дереве» редкий и фотогеничный.,,5,Для двоих,,,,,Экоранчо Алексеевка Можайский округ,,https://welcome.mosreg.ru/stories/valentines-day-in-podmoskovie,medium,,,
B,ШелестГлэмп — A-frame домики в стиле бохо,МО,romance,ночь в необычном отеле,,,,,"A-frame домики с панорамными окнами на лес, позиционирование «для романтического свидания на двоих».",Попал в топ новых глэмпингов Подмосковья от Glampi; бохо-интерьеры и панорамные окна = визуал 5/5.,,5,Для двоих,,,,,ШелестГлэмп глэмпинг Московская область,,https://glampi.ru/news/top-novykh-glempingov-moskovsk/,medium,,,
B,Artplay Media — мультимедийные выставки,Москва,visual,иммерсивная выставка,,,,https://artplay.ru/events/artplay-media,"Мультимедийные выставки-проекции (например, «Французский импрессионизм») в пространстве Artplay.",Постоянно обновляемая афиша мультимедиа-выставок; понятный билетный продукт для сертификата.,,4,Для двоих;Для женщин;Универсальные,,,,,Artplay Media мультимедийная выставка,,https://artplay.ru/event/multimedijnaya-vyistavka-frantsuzskij-impressionizm-,medium,,,
B,Погружение — «Алиса: безумное чаепитие»,Москва,visual,иммерсивный квест-чаепитие,,,,https://www.pogruzhenye.ru/,"Квест-перформанс с чаепитием у Шляпника, кроличьей норой-горкой, комнатой зелий и Бармаглотом.",Гости отмечают «внутреннего ребёнка» и качество актёров; тема Алисы — вечный инстаграмный тренд.,,4,Для двоих;Для женщин;Универсальные,,,,,Погружение квест Алиса Москва,,https://mir-kvestov.ru/quests/pogruzhenie-alisa,medium,,,
B,Photospot — студия автопортрета,Москва,visual,студия автопортрета,,,,,"Автопортрет-студия с огромным реквизитом (в т.ч. крылья), чёрный и светлый залы, до 5 человек.",Много отзывов на Отзовике/iRecommend; уникальный реквизит = отличие от конкурентов.,,4,Для двоих;Для женщин;Универсальные,,,,,Photospot студия автопортрета Москва,,https://otzovik.com/review_17745769.html,medium,,,
B,Интроверт — студия автопортрета,Санкт-Петербург,visual,студия автопортрета,,,,,"Автопортрет-студия с новым залом «Спектр», регулируемым светом и разнообразным реквизитом.","Обновляют залы (2025–2026), отзывы на Яндекс Картах хвалят качество и цвет.",,4,Для двоих;Для женщин;Универсальные,,,,,Студия автопортрета Интроверт Санкт-Петербург,,https://yandex.ru/maps/org/studiya_avtoportreta_introvert/122302239795/reviews/,medium,,,
B,Взаперти — «Школа магии: Гарри Поттер и фантастические твари»,Санкт-Петербург,visual,иммерсивный квест-чаепитие,,,,https://vzaperti.net/performance/skola-magii-garri-potter-i-fantasticeskie-tvari,60 мин квеста-спектакля с шоу-элементами и мастер-классами + 60 мин чаепития в лаунж-зоне.,"Один из самых атмосферных поттер-форматов СПб; подходит и парам, и семьям.",,4,Для двоих;Для женщин;Универсальные,,,,,Взаперти квест Школа магии Санкт-Петербург,,https://vzaperti.net/performance/skola-magii-garri-potter-i-fantasticeskie-tvari,medium,,,
B,Дверь в Хогвартс — интерактивный музей,Санкт-Петербург,visual,тематическое пространство,,,,https://dver-v-hogvarts.ru/,"Интерактивный музей-выставка по вселенной Гарри Поттера: декорации Хогвартса, фотозоны, программы.","В подборках Афиши и KudaGo «места для поттероманов»; постоянная площадка, а не разовое шоу.",,4,Для двоих;Для женщин;Универсальные,,,,,Дверь в Хогвартс музей Санкт-Петербург,,https://www.afisha.ru/article/garri-potter-v-peterburge-7-mest-dlya-potteromanov/,medium,,,
B,Павлинские Термы,МО,season,термы,,,,https://pterm.ru/,"Термальный курорт в Балашихе (мкр. Павлино): бассейны, бани, спа-зона.",Ближайшая к востоку Москвы альтернатива Gremm/Мореон — расширяет географию термального сегмента.,,3,Для мужчин;Универсальные,,,,,Павлинские термы Балашиха,,https://pterm.ru/,medium,,,
B,Горнолыжная школа Крыловых (Крылатское),Москва,season,горнолыжная школа,,,,https://www.skischool.club/,"Обучение горным лыжам и сноуборду для взрослых и детей на склоне в Крылатском, инструкторы международного уровня.",Единственная школа внутри города — «первый урок на лыжах» как подарок без выезда за МКАД.,,3,Для мужчин;Универсальные,,,,,Горнолыжная школа Крыловых Крылатское,,https://www.skischool.club/,medium,,,
B,Тюбинг-парк «Елагино»,МО,season,тюбинг-парк,,,,,"Зимний парк у Наро-Фоминска с длинной тюбинговой трассой и подъёмником, прокат инвентаря.","Самый обсуждаемый тюбинг-парк Подмосковья (Tripadvisor, Отзовик); минус — очереди в пик.",,3,Для мужчин;Универсальные,,,,,Тюбинг-парк Елагино Наро-Фоминск,,https://otzovik.com/reviews/tyubing-park_elagino_russia_moskovskaya_oblast/,medium,,,
B,Парк «Волен» (Яхромские холмы),МО,season,тюбинг / горные лыжи,,,,,"Курорт в Яхроме: ~15 склонов, 7 подъёмников, тюбинг, снегоходы, школа инструкторов.",Полноценный зимний курорт в часе от Москвы — сертификат «день на склоне с инструктором».,,3,Для мужчин;Универсальные,,,,,Парк Волен Яхрома,,https://otzovik.com/reviews/park_yahroma_russia_yahroma/,medium,,,
B,Хаски Лэнд (Назарьево),МО,season,хаски-упряжки,,,,https://xacku.land/nazarevo,"Семейный парк хаски в Назарьево: катание в упряжках (по погоде), прогулки и общение с собаками.",Дополняет Сокольники/HaskiPark из первой волны и ХаскиХолл из партнёров другим направлением области.,,4,Для мужчин;Универсальные,,,,,Хаски Лэнд Назарьево,,https://xacku.land/nazarevo,medium,,,
B,Клуб Приключений (vpoxod.ru) — снегоступы и зимние походы,Москва,season,снегоступы с гидом,,,,https://www.vpoxod.ru/types/43-Lyiji-snegostupyi,Однодневные походы на снегоступах в Подмосковье и по Карельскому укрепрайону под СПб с инструктором.,"Работают в обоих регионах, регулярные даты зимы 2026 — легко сделать сертификат на «поход выходного дня».",,3,Для мужчин;Универсальные,,,,,Клуб Приключений vpoxod,,https://www.vpoxod.ru/types/43-Lyiji-snegostupyi/podmoskovje,medium,,,
B,Green Flow Lakhta Park — термальный комплекс,Санкт-Петербург,season,термы,,,,https://greenflowlakhtapark.ru/termal,"Водный комплекс с бассейнами, спа и термами в Лахта Парке.",Второй крупный термальный объект СПб после Termoland; вид на Лахта-центр.,,4,Для мужчин;Универсальные,,,,,Green Flow Lakhta Park термы,,https://greenflowlakhtapark.ru/termal,medium,,,
B,Ленигрушка — роспись стеклянного ёлочного шара,Санкт-Петербург,season,мастерская новогодних игрушек,,,,https://lenigrushka.ru/master-klassy.php,Мастер-класс: каждый получает стеклянный шар с контуром (виды Петербурга или символ года) и расписывает его.,Локальный производитель ёлочных игрушек с готовыми МК — сильный предновогодний сертификат.,,4,Для мужчин;Универсальные,,,,,Ленигрушка мастер-класс роспись шаров,,https://lenigrushka.ru/master-klassy.php,medium,,,
B,Каток у Флагштока,Санкт-Петербург,season,каток с антуражем,,,,,"Самый большой каток Петербурга с видом на Финский залив и Лахта-центр, прокат коньков, программы.",Топ подборок Tripster/КП зимы 2026; вид на залив = инстаграмный каток №1 в городе.,,5,Для мужчин;Универсальные,,,,,Каток у Флагштока Санкт-Петербург,,https://experience.tripster.ru/journal/articles/gde-pokatatsya-na-konkah-v-sankt-peterburge/,medium,,,
B,Курорт «Красное озеро» — горнолыжная школа,СПб и ЛО,season,горнолыжная школа,,,,,"9 канатных дорог, искусственное оснежение, ночная подсветка, занятия с инструктором и прокат.",Самый оснащённый курорт ЛО в часе от города — сертификат «первый урок на лыжах».,,4,Для мужчин;Универсальные,,,,,Красное озеро горнолыжный курорт Коробицыно,,https://cuva.ru/blog/gornolyzhnye-kurorty-leningradskoj-oblasti,medium,,,
B,Курорт «Снежный» — Ski Club,СПб и ЛО,season,горнолыжная школа,,,,https://snegny.ru/,Всесезонный курорт в Коробицыно с горнолыжной школой; главный инструктор прошла французскую школу ENSA.,"Сильная школа для новичков, в отличие от конкурентов есть сертифицированные тренеры.",,3,Для мужчин;Универсальные,,,,,Курорт Снежный Коробицыно,,https://snegny.ru/ski-club-%D1%81%D0%BD%D0%B5%D0%B6%D0%BD%D1%8B%D0%B9/,medium,,,
B,Питомник хаски «Из Лемболово»,СПб и ЛО,season,хаски-упряжки,,,,,Катание на собачьих упряжках по маршрутам 400 м / 2 км / 4 км в Лемболово.,Ближайшие к городу упряжки с настоящими нартами по снегу; альтернатива ХаскиХолл.,,4,Для мужчин;Универсальные,,,,,Питомник хаски Из Лемболово,,https://spb.kupikupon.ru/deals/husky-lembolovo_211124,medium,,,
B,My Name is A-Frame,МО,country,A-frame с баней и купелью у реки,,,,https://mynameaframe.ru/,"4 A-frame дома с приватными зонами в 35 км от МКАД (Аксиньино): своя баня-бочка/купель на берегу реки, костровая и гриль-зона.",Ближний глэмпинг (40–60 минут от Москвы) с приватностью каждого дома; удобно как подарок «ночь на двоих с баней».,,4,Для двоих,,,,,My Name is A-Frame глэмпинг Аксиньино,,https://mynameaframe.ru/,medium,,,
B,A-Frame Drakino,МО,country,A-frame у Оки,,,10000,https://aframe-drakino.ru/,"Гостевые A-frame домики у реки Оки в Дракино (Серпухов), панорамное остекление, уединение на природе; сутки от 10 000 ₽.","Доступный чек для формата «домик на двоих», рядом парк-отель Дракино с активностями (конюшня, аэродром).",,4,Для двоих,,,,,A-Frame Drakino Серпухов,,https://aframe-drakino.ru/,medium,,,
B,Афрейм Хэппи (A-Frame Happy),МО,country,A-frame с баней и купелью,,,,https://aframe-happy.ru/,"Афрейм дом с баней и горячей купелью в Домодедовском районе, 35 км от Москвы — приватный дом на компанию или пару.","Ближайшая к Москве точка формата «дом + баня + купель», удобная для однодневного или ночного подарка.",,4,Для двоих,,,,,Афрейм Хэппи Домодедово,,https://tripinglamp.ru/glampings/a-frame-happy/,medium,,,
B,Глэмпинг «Озеро Ле»,МО,country,Глэмпинг с баней у озера,,,,https://ozerole.ru/,"Глэмпинг с баней на берегу озера под Дубной: домики у воды, панорамная баня, тихий формат «выходные вдвоём».","Север Подмосковья, вода + баня, свежий проект; закрывает нишу «глэмпинг у озера» в МО.",,4,Для двоих,,,,,Озеро Ле глэмпинг Дубна,,https://ozerole.ru/,medium,,,
B,Голицынские бани (парк-отель «Голицын Клуб»),МО,country,Банный комплекс с чанами и купелями (дневной формат),,,,https://xn--90adpidcmf4c0a9c.xn--p1ai/golitsynskie-bani/,"Семь отдельных бань с уличными зонами, чанами на костре и купелями в парк-отеле Голицын Клуб (Одинцовский округ) — можно приехать на день без ночёвки.",Готовый «загородный день»: баня + купель + ресторан в 30 минутах от МКАД; крупный отель с отлаженным сервисом.,,4,Для двоих,,,,,Голицын Клуб парк-отель бани,,https://xn--90adpidcmf4c0a9c.xn--p1ai/golitsynskie-bani/,medium,,,
B,CLUBBARIN eco hotel & bar — банный комплекс,МО,country,Банный комплекс при эко-отеле,,,,https://banya.clubbarin.ru/,"Банный комплекс в эко-отеле Clubbarin в Подмосковье: парные, купели, бар и ресторан — дневное посещение без проживания.",Лайфстайл-эко-отель с баром и сильным визуалом; закрывает формат «баня + обед» на один день.,,4,Для двоих,,,,,Clubbarin eco hotel баня,,https://banya.clubbarin.ru/,medium,,,
B,База отдыха «Окунёвая» — бани на Финском заливе,СПб и ЛО,country,Баня на дровах с панорамой на залив,,,,https://okunevaya.ru/infrastruktura/russkaya-banya-na-drovah/,"Две русские бани на дровах прямо на берегу Финского залива с панорамным видом и джакузи на террасе, на компанию до 6 человек.",Баня с видом на залив — сильный визуал; формат «день на заливе с баней» без ночёвки.,,4,Для двоих,,,,,база отдыха Окунёвая баня,,https://okunevaya.ru/infrastruktura/russkaya-banya-na-drovah/,medium,,,
B,Аудиошкола DJ Грува,Москва,learn,DJ-школа,,,,https://audioschool.ru/,"Курсы диджеинга и создания музыки от DJ Грува, преподаватели-практики, гослицензия; разовые уроки с нуля.","Медийное имя основателя, узнаваемый бренд для подарка «стань диджеем на час».",,3,Для женщин;Универсальные,,,,,Аудиошкола DJ Грува Москва,,https://audioschool.ru/,medium,,,
B,CONNECT School — школа битмейкинга,Москва,learn,Битмейкинг — разовое занятие,,,3000,https://connectschool.ru/kursy-bitmejkinga/,"Разовое занятие по созданию битов (2 акад. часа) с саундпродюсером в FL Studio / Ableton / Logic, офлайн в студии, от 3 000 ₽.",Битмейкинг — растущий запрос у молодой аудитории; готовый разовый формат по низкому чеку.,,3,Для женщин;Универсальные,,,,,Connect School битмейкинг Москва,,https://connectschool.ru/kursy-bitmejkinga/,medium,,,
B,Drumschool Александра Климовича,Москва,learn,Барабаны — разовый урок,,,,https://drumschool.ru/certificate/,"Индивидуальный урок на ударной установке в барабанной школе, работающей в Москве с 2001 года; подарочные сертификаты на 1+ занятие.",Старейшая барабанная школа Москвы с отработанным сертификатом «урок в подарок».,True,3,Для женщин;Универсальные,,,,,Drumschool барабанная школа Климовича,,https://drumschool.ru/certificate/,medium,,,
B,Музыкальная студия «Арт-Фа»,Москва,learn,Вокал / гитара / барабаны — сертификат на 1 урок,,,,https://art-fa.ru/sertifikat-na-zanyatiya-vokalom.php,"Сеть музыкальных студий с сертификатами на 1/4/8 уроков вокала, гитары, барабанов, фортепиано; e-сертификат или печатный.","Готовая механика «1 урок в подарок» по нескольким инструментам сразу, несколько локаций в Москве.",True,3,Для женщин;Универсальные,,,,,студия Арт-Фа уроки вокала Москва,,https://art-fa.ru/podarochnyj-sertifikat-barabany.php,medium,,,
B,Своя Школа — сальса и бачата,Москва,learn,Танцы для взрослых (бачата/сальса),,,,https://svoyashkola.ru/,"Школа сальсы и бачаты для взрослых «которым важно качество»: пробные и разовые занятия, парные и соло-группы.","Входит в рейтинги лучших школ бачаты Москвы 2024–2025, положительные отзывы учеников; бачата — самый растущий танцевальный запрос.",,4,Для женщин;Универсальные,,,,,Своя Школа сальса бачата Москва,,https://expertology.ru/luchshikh-shkol-bachaty-i-salsy-v-moskve/,medium,,,
B,Студия Чино (Chino) — бачата и сальса,Москва,learn,Танцы для взрослых (латина),,,,,Студия кубинца Чино — одного из первых преподавателей бачаты и сальсы в России; занятия для начинающих взрослых.,"Аутентичный кубинский преподаватель, стабильно в топах рейтингов школ бачаты Москвы.",,3,Для женщин;Универсальные,,,,,Студия Чино сальса бачата Москва,,https://markakachestva.ru/amenities/7614-luchshie-shkoly-bachaty-i-salsy-v-moskve.html,medium,CHAIN,,
B,Ivara — школа парных танцев,Москва,learn,Танцы для взрослых (парные),,,,,"Школа парных танцев (бачата, сальса, кизомба, хастл) для взрослых с пробными занятиями и вечеринками.",Названа лучшей школой парных танцев Москвы в рейтинге expertology 2025.,,3,Для женщин;Универсальные,,,,,Ivara школа танцев Москва,,https://expertology.ru/luchshikh-shkol-bachaty-i-salsy-v-moskve/,medium,,,
B,POLE DOM — студия pole dance,Москва,learn,Pole dance — пробное занятие,,,,https://pole-dom.ru/,"Студия танцев на пилоне и пилонного спорта: пробные и индивидуальные занятия, подарочные сертификаты на любую сумму.",Готовые сертификаты + пробные уроки за 600–700 ₽; pole dance в топе «хочу попробовать» у женской аудитории.,True,4,Для женщин;Универсальные,,,,,Pole Dom студия pole dance Москва,,https://pole-dom.ru/,medium,,,
B,Студия импровизации «Момент»,Москва,learn,Импровизация — мастер-класс,,,2800,,"Разовые мастер-классы по импровизации (от 2 800 ₽), индивидуальные занятия и интенсивы: спонтанность, уверенность, быстрое мышление.",Импров-мастер-классы — тренд 2025 как «антистресс-впечатление»; низкий чек и разовый формат.,,3,Для женщин;Универсальные,,,,,студия импровизации Момент Москва,,https://dtf.ru/topraiting/3973702-kursy-improvizatsii-v-moskve-luchshie-shkoly-i-treningi-2025-goda,medium,,,
B,Свобода Слова — центр актёрского и ораторского мастерства,Москва,learn,Актёрское мастерство / ораторское — мастер-класс,,,,https://svobslova.ru/msk,"Мастер-классы по снятию зажимов, речи, голосу и импровизации для взрослых; курсы актёрского и ораторского мастерства (Москва и СПб).",Разовые мастер-классы «проработка зажимов» + два города; много отзывов об эмоциях и общении.,,3,Для женщин;Универсальные,,,,,Свобода Слова актёрское мастерство Москва,,https://svobslova.ru/msk,medium,,,
B,Фиксаж — плёночная фотолаборатория и школа,Москва,learn,Плёночная фотография / печать в darkroom,,,,https://fiksazh.com/school,"Мастер-классы в профессионально оборудованной фотолаборатории: приготовление растворов, проявка плёнки, контактная и проекционная печать.","Чистый darkroom-опыт «своими руками» — редкий формат, мало конкурентов в Москве.",,4,Для женщин;Универсальные,,,,,Фиксаж фотолаборатория Москва,,https://fiksazh.com/school,medium,,,
B,Арт Фабрика — мастер-классы по рисованию,Москва,learn,Акварель / скетчинг — мастер-класс,,,,https://afabrica.ru/podarochnyy-sertifikat-na-master-klass.html,"Мастер-классы по акварели, скетчингу (urban, food) и живописи для взрослых с нуля; подарочные сертификаты на мастер-класс.","Оформленный сертификат «подарок-впечатление», широкая линейка разовых занятий.",True,4,Для женщин;Универсальные,,,,,Арт Фабрика студия рисования Москва,,https://afabrica.ru/master-klassi.html,medium,Фабрика Джелато,,
B,Школа флористики «Цветочная Мастерская»,Москва,learn,Флористика — мастер-класс,,,,,"Мастер-классы и курсы флористики от практикующих флористов (мастерская Сапрыкиных): сборка букета в группе до 8 человек, ~2,5 часа.",Положительные отзывы на Отзовике о подаче материала; флористика — стабильный «женский» подарок.,,4,Для женщин;Универсальные,,,,,Цветочная Мастерская школа флористики Москва,,https://otzovik.com/reviews/kursi_floristiki_v_masterskoy_anni_i_ili_saprikinih_cvetochnaya_masterskaya_russia_moscow/,medium,,,
B,Академия Бариста,Москва,learn,Курс бариста 1–2 дня,,,,https://academy-barista.ru/sertifikat.html,"Интенсивные курсы бариста за 1–2 дня для любителей кофе и будущих профи, именной сертификат по итогам; подарочный сертификат на курс.",Готовый подарочный сертификат + короткий формат; кофейная культура остаётся трендом.,True,3,Для женщин;Универсальные,,,,,Академия Бариста Москва курсы,,https://academy-barista.ru/,medium,Арт-студия Artista (ООО Артиста Хендмейд),,
B,DJostik School,Санкт-Петербург,learn,DJ — пробный урок,,,,https://xn--80aiaeaem0bc2bl6j.xn--p1ai/,Персональный пробный урок диджеинга и курсы в петербургской DJ-школе DJostik.,Персональный формат «попробуй себя за пультом» без Юниона; подходит для сертификата.,,3,Для женщин;Универсальные,,,,,DJostik School школа диджеев Санкт-Петербург,,https://vc.ru/edu/1310677-15-kursov-didzheev-v-sankt-peterburge,medium,,,
B,Clubmasters DJ School,Санкт-Петербург,learn,DJ / битмейкинг — индивидуальный МК,,,5000,https://clubmasters.ru/,"Школа диджеев и электронной музыки: индивидуальное занятие 60 минут (5 000 ₽) по DJ или битмейкингу в Ableton/FL Studio, подарочные сертификаты.",Старейшая DJ-школа Петербурга с готовыми сертификатами и битмейкинг-направлением.,True,3,Для женщин;Универсальные,,,,,Clubmasters DJ школа Санкт-Петербург,,https://clubmasters.ru/musicschool/,medium,,,
B,La Boca — школа танцев,Санкт-Петербург,learn,Танцы для взрослых (бачата/сальса),,,,,"Уроки бачаты и сальсы для начинающих и опытных в просторных залах на Каменноостровском, 40а.","Один из самых упоминаемых адресов бачаты в СПб (подборки 2025), центр города.",,3,Для женщин;Универсальные,,,,,La Boca школа танцев Каменноостровский 40,,https://www.kp.ru/afisha/spb/obzory/moj-gorod/luchshie-shkoly-tancev-v-sankt-peterburge/,medium,,,
B,MENSHOV STUDIO — школа актёрской импровизации,Санкт-Петербург,learn,Импровизация / актёрское — мастер-класс,,,,https://www.menshovstudio.ru/,Школа актёрской импровизации с разовыми занятиями и курсами для взрослых.,"Второй после Точки Импро импров-бренд Петербурга, упоминается в подборках 2025.",,3,Для женщин;Универсальные,,,,,Menshov Studio импровизация Санкт-Петербург,,https://piter.now/top-10-teatralnykh-studij-gde-prepodayut-akterskoe-masterstvo/,medium,,,
B,Школа живописи «Рискуй»,Санкт-Петербург,learn,Акварель / скетчинг — мастер-класс,,,,https://risui-riskui.ru/akvarel,Мастер-классы по акварельной живописи и акварельному скетчингу для взрослых в школе живописи и интерьерного декора «Рискуй».,Специализация именно на акварели; альтернатива Zuart/Artista в СПб.,,4,Для женщин;Универсальные,,,,,школа живописи Рискуй Санкт-Петербург,,https://risui-riskui.ru/akvarel,medium,,,
B,Хлебник — мастер-классы бариста,Санкт-Петербург,learn,Курс бариста / кофейный мастер-класс,,,,https://fr.xleb.ru/school/tproduct/854063063-684636201392-podarochnii-sertifikat-na-kurs-barista,Мастер-классы по приготовлению кофе в школе при сети кофеен «Хлебник» в центре Петербурга; подарочный сертификат на курс бариста.,"Узнаваемый городской бренд кофеен, готовый сертификат; лёгкий вход в кофейную тему.",True,4,Для женщин;Универсальные,,,,,Хлебник школа бариста Санкт-Петербург,,https://fr.xleb.ru/school/tproduct/854063063-684636201392-podarochnii-sertifikat-na-kurs-barista,medium,,,
B,FOQUS — плёночная фотолаборатория,Санкт-Петербург,learn,Плёночная фотография / darkroom,,,,https://foqus.film/news/uroki_fotografii_na_plenku/,"Индивидуальные мастер-классы в тёмной комнате: ручная печать, работа с увеличителем и оборудованием darkroom.",Индивидуальный darkroom-опыт в СПб помимо Format Film Lab; плёнка в тренде.,,4,Для женщин;Универсальные,,,,,FOQUS фотолаборатория Санкт-Петербург,,https://foqus.film/news/uroki_fotografii_na_plenku/,medium,,,
B,РОББО Клуб,Москва,family,Робототехника для детей — разовое занятие,,,,https://goroda.robboclub.ru/msk-green-park,"Сеть кружков робототехники и программирования для детей; подарочный сертификат на посещение клуба, разовые мастер-классы (сборка и программирование робота).","Готовый подарочный сертификат для «любознательного ребёнка», много филиалов по Москве.",True,3,Для детей;Универсальные,,,,,РОББО Клуб робототехника Москва,,https://goroda.robboclub.ru/msk-green-park,medium,,,
B,Инжинириум МГТУ им. Баумана — семейные мастер-классы,Москва,family,Робототехника / программирование — семейный МК,,,,,Семейные мастер-классы по робототехнике и программированию: дети 7–9 лет собирают и программируют собственного робота вместе с родителями.,Бренд Бауманки + семейный формат «родитель + ребёнок» — сильный статусный подарок.,,3,Для детей;Универсальные,,,,,Инжинириум МГТУ Баумана,,https://xn--80aa3ak5a.xn--p1ai/news/inzhinirium-mgtu-im-n-e-baumana-priglashaet-na-semeynye-master-klassy-po-robototekhnike-i-programmir/,medium,,,
B,Аквакомплекс «Мореон»,Москва,family,Аквапарк / термы,,,,https://moreon.ru/,"Крупнейший аквакомплекс России (Ясенево): аквапарк, термы, спа — «курорт в черте города» для всей семьи.",Максимальная узнаваемость и масштаб; семейный билет — простой и востребованный подарок.,,4,Для детей;Универсальные,,,,,Мореон аквапарк Ясенево,,https://vc.ru/id5363642/2264124-5-luchshikh-akvaparkov-moskvy,medium,,,
B,Верёвочный «Парк приключений» (Хотьково),МО,family,Верёвочный парк,,,,,"Самый большой верёвочный парк Подмосковья: 18 трасс разной сложности, детские маршруты, лес и свежий воздух.",Масштаб и природа под Сергиевым Посадом; отзывы хвалят территорию и экстрим для всей семьи.,,4,Для детей;Универсальные,,,,,Парк приключений верёвочный парк Хотьково,,https://welcome.mosreg.ru/stories/top-verevocnyh-parkov-podmoskov-a,medium,,,
B,Прайм Парк (Раменское),МО,family,Верёвочный парк + скалодром + лазертаг,,,,https://xn--80aa0afipdef.xn--p1ai/,"Активный парк в лесу у озера Гидра: верёвочные трассы, скалодром, гироскоп, лазертаг, зимой каток и квадроциклы.",Круглогодичный семейный «день активностей» с адекватными ценами по отзывам на Яндекс Картах.,,3,Для детей;Универсальные,,,,,Прайм Парк Раменское верёвочный парк,,https://welcome.mosreg.ru/ideas/verevocnyj-park-prajm-park,medium,Primo Karting,,
B,Интерактивный детский театр «Ламантин» (Москвариум),Москва,family,Интерактивный театр для детей 0+,,,,https://baby.moskvarium.ru/,"Театр без сцены и кресел на ВДНХ: дети сидят на подушках, двигаются и играют внутри спектакля по сказкам.","Новый формат при Москвариуме, сильная локация ВДНХ, удобно совмещать с океанариумом.",,4,Для детей;Универсальные,,,,,театр Ламантин Москвариум ВДНХ,,https://baby.moskvarium.ru/,medium,,,
B,Foxy Photos — фотосессия с лисой,Москва,family,Семейная фотосессия с животными,,,2200,,"Фотостудия, специализирующаяся на съёмках с лисами: экспресс 15 мин — 2 200 ₽, семейная съёмка — 9 000 ₽, love story, фэнтези.",Узкая специализация и низкий входной чек; фотосессии с лисой в среднем 4.9 на Яндекс Услугах.,,5,Для детей;Универсальные,,,,,Foxy Photos фотосессия с лисой Москва,,https://dtf.ru/topraiting/3510920-fotosessiya-s-lisoi-v-moskve-top-10-luchshih-predlozheniya-reiting-2025-goda,medium,,,
B,Арт-студия «Лампа»,Москва,viral,арт-студия,,,3000,https://lampaart.ru/,"Творческая студия художника-кастомайзера: мастер-классы по живописи и кастомизации одежды и кроссовок, сезонные форматы (венки, роспись бутылок и игрушек).","Редкий для Москвы микс «живопись + кастом кроссовок» от одного автора с фокусом на эстетику и атмосферу — контентный формат, как у Fraumilk.",,4,Для двоих;Для женщин;Универсальные,,,,,арт-студия Лампа Москва мастер-классы,,https://lampaart.ru/,medium,,,
B,Арт-студия «Краски» (Хамовники),Москва,viral,арт-студия,,,3000,https://kraskistudio.ru/,"Арт-студия в историческом здании в Хамовниках: просторный лофт с высокими потолками и окнами по периметру, мастер-классы по живописи для взрослых.","Сильная интерьерная картинка (лофт в центре) — ключевой сигнал для контент-first формата, аналог «лофта в центре» у Fraumilk.",,4,Для двоих;Для женщин;Универсальные,,,,,арт-студия Краски Хамовники,,https://kraskistudio.ru/,medium,,,
B,ArtyshockClub — арт-вечеринки,Москва,viral,вечеринка-формат,,,3500,https://artyshockclub.com/,"Арт-вечеринки в трендовых заведениях Москвы: холст, вино, арт-квизы, вернисаж, фотосессии и «танцы с холстами»; арт-тимбилдинги и девичники.","Почти 10 лет формата, сценарии с фото/вернисажем — вечеринка сама производит контент; много положительных отзывов.",,4,Для двоих;Для женщин;Универсальные,,,,,ArtyshockClub арт-вечеринки Москва,,https://artyshockclub.com/afisha,medium,,,
B,Студия скульптуры «Объём»,Москва,viral,арт-студия,,,1790,https://obyom.site/,"За 2 часа лепите свою первую скульптуру из глины или пластилина (или графическую картину) в студии на Земляном Валу; все материалы включены, 12+.","Лепка — один из самых «рилсовых» творческих форматов 2025–2026, студия в подборках KudaGo/top15moscow для девичников; сертификаты уже продаются через агрегаторы.",True,4,Для двоих;Для женщин;Универсальные,,,,,студия Объём Земляной Вал 52/16,,https://kudago.com/msk/event/obuchenie-master-klass-po-skulpture/,high,,,
B,Студия керамики KOLO,Москва,viral,арт-студия,,,3500,https://kolo.studio/,Гончарная мастерская в Москве: мастер-классы на круге и лепка для новичков в тёплой атмосфере.,"Керамика «новой волны» с эстетичным брендом (kolo.studio); попадает в рейтинги лучших гончарных студий 2025 — формат, который вирусится через reels.",,4,Для двоих;Для женщин;Универсальные,,,,,KOLO гончарная студия Москва,,https://kolo.studio/,medium,,,
B,Жюль и Верн — творческое пространство,Москва,viral,арт-студия,,,3000,https://julivern.ru/,"Творческое пространство в центре Москвы: гончарный круг, роспись керамики, мастер-классы для взрослых и детей.",Красивое пространство в центре + керамика и роспись — контент-френдли формат для пар и подруг.,,4,Для двоих;Для женщин;Универсальные,,,,,Жюль и Верн керамика мастер-класс Москва,,https://julivern.ru/,medium,,,
B,Lemur Studia — гончарное свидание,Москва,viral,арт-студия,,,4000,https://lemurstudia.ru/,Романтическое свидание для пар за гончарным кругом и групповые мастер-классы по керамике.,"«Свидание за гончарным кругом» — сцена из «Привидения», стабильно вирусный сюжет для reels/TikTok.",,4,Для двоих;Для женщин;Универсальные,,,,,Lemur Studia гончарная студия Москва,,https://lemurstudia.ru/,medium,,,
B,She Community — женский клуб,Москва,viral,вечеринка-формат,,,3000,http://shecommunity.moscow/,"Женский клуб в Москве: литературные квартирники, каппинг, создание персонального аромата, винные дегустации, лепка из глины, кулинарные мастер-классы и лекции.","Прямой аналог «женского клуба» Fraumilk — комьюнити-формат, который живёт в соцсетях и продаёт участие в событиях.",,4,Для двоих;Для женщин;Универсальные,,,,,She Community женский клуб Москва,,http://shecommunity.moscow/,medium,,,
B,Московский театр кукол — вечерние спектакли для взрослых,Москва,viral,театр для взрослых,,,1500,https://mospuppets.ru/,"Первый профессиональный театр кукол Москвы (1930): вечерние постановки для взрослых («Гиньоль имени Станиславского», «Минотавр», «Встречи в Голливуде»), камерная сцена.",Кукольные спектакли 18+ в центре с хорошими отзывами — понятный «взрослый кукольный» продукт для сертификата.,,4,Для двоих;Для женщин;Универсальные,,,,,Московский театр кукол Спартаковская 26/30,,https://mospuppets.ru/spectacles/,high,,,
B,Театр-ресторан «Наблюдатель»,Москва,viral,шоу,,,4000,https://xn----8sbelcobjxao7ahguc1m.xn--p1ai/,"Иммерсивный театр-ресторан на Шаболовке: шоу-мюзиклы с ужином («Страсти по Битлджусу» в духе Тима Бёртона, «Мушкетёр Love Story»).","Ужин-шоу с участием гостей — «вирусный» формат ужина-спектакля; отзывы смешанные, но эмоциональные, чек 4 000–9 000 руб.",,4,Для двоих;Для женщин;Универсальные,,,,,Наблюдатель театр-ресторан Шаболовка 31Г,,https://live.mts.ru/moscow/venues/drugoe/restoran-nablyudatel,high,,,
B,StandUp Store Moscow,Москва,viral,шоу,,,1500,https://standupstore.ru/,"Стендап-клуб на Петровке, 21 (Пушкинская/Трубная): ежедневные концерты комиков в камерном зале.",Клипы из клуба расходятся в соцсетях; продают собственные подарочные сертификаты на 3 000–50 000 руб. сроком на год.,True,3,Для двоих;Для женщин;Универсальные,,,,,StandUp Store Moscow Петровка 21,,https://standupstore.ru/certificate/,high,,,
B,Stand Up Club #1 (на Трубной),Москва,viral,шоу,,,1500,https://standupclub.ru/,"Первый стендап-клуб России: ежедневные шоу, проверки материала и сольники в клубе на Трубной.",Один из главных генераторов вирусных стендап-роликов в русскоязычном интернете; камерный клубный формат.,,3,Для двоих;Для женщин;Универсальные,,,,,Stand Up Club #1 Трубная,,https://standupclub.ru/afisha,high,,,
B,Invisible — спектакль-прогулка,Москва,viral,театр для взрослых,,,2000,https://invisiblemoscow.ru/2,"Иммерсивный спектакль-экскурсия по Москве: проводник — актриса в роли журналистки Саши, атмосферный «синема-променад» с элементами театрализации.","Променад-спектакли — растущий формат 2026; красивые городские локации дают контент, чек невысокий.",,4,Для двоих;Для женщин;Универсальные,,,,,Invisible спектакль-прогулка Москва,,https://invisiblemoscow.ru/2,medium,,,
B,«Ночь в кабаре» — бурлеск-шоу Ляли Бежецкой,Москва,viral,шоу,,,2500,https://academjazzclub.ru/events/950/,"Регулярное бурлеск-кабаре с живым джазом в Академ Джаз Клубе: номера в стиле Берлина 1930-х, Парижа Ар Нуво и московского кабаре эпохи НЭПа.","Костюмное шоу с сильной картинкой, идёт весь 2026 год (февраль, апрель, июнь); ниша «камерное шоу для взрослых» с вирусным видео.",,5,Для двоих;Для женщин;Универсальные,,,,,Академ Джаз Клуб Москва бурлеск,,https://afisha.yandex.ru/moscow/concert/noch-v-kabare-burlesk-shou-liali-bezhetskoi,high,,,
B,Дебош — комната ярости,Москва,viral,вечеринка-формат,,,5900,https://debosh.me/,"Rage room в Москве: круши посуду, технику и мебель битой в защитной экипировке; тарифы от 5 900 руб., есть подарочные сертификаты.",Один из самых «тиктоковых» форматов выпуска пара; в базе уже есть только «Ломай меня полностью» — Дебош даёт альтернативную локацию.,True,4,Для двоих;Для женщин;Универсальные,,,,,Дебош комната ярости Москва,,https://debosh.me/,high,,,
B,Без рамок — арт-вечеринки и мастер-классы,Санкт-Петербург,viral,арт-студия,,,4000,https://bezramok-spb.ru/,"Арт-вечеринки 2,5 часа в собственном арт-центре: материалы, чай/кофе/вино включены; картина сохнет 2 дня, можно забрать или заказать доставку. Арт-борд 4000–5800 ₽ по размеру.","Собственная площадка (не ресторан), понятный прайс в диапазоне сертификата, формат «девичник/день рождения» — близко к Fraumilk по продукту.",,4,Для двоих;Для женщин;Универсальные,,,,,Без рамок арт-студия Санкт-Петербург,,https://bezramok-spb.ru/,medium,,,
B,Студия живописи «Воздух» — арт-вечеринки,Санкт-Петербург,viral,арт-студия,,,,https://vozduhpiter.ru/artparty,"Сеть студий живописи в центре СПб: картина за 3 часа с художником без навыков, арт-вечеринки с вином; команда декораторов и флористов оформляет пространство.","Заявляют 9000+ написанных картин; ставка на «уютную атмосферу» и декор — визуальный формат, который сам генерирует UGC.",,4,Для двоих;Для женщин;Универсальные,,,,,Студия живописи Воздух Санкт-Петербург,,https://vozduhpiter.ru/artparty,medium,,,
B,Студия керамики «Мох»,Санкт-Петербург,viral,керамика новой волны,,,3000,https://moh-keramika.ru/,"Керамическая студия на Моховой, 42 с собственной линейкой посуды и декора; мастер-классы «всё включено»: индивидуально 3900 ₽, группа до 6 человек — 3000 ₽/чел.",Небольшая авторская студия с продуманным брендом и магазином керамики в центре — формат «сделал своими руками + красивый кадр».,,4,Для двоих;Для женщин;Универсальные,,,,,Студия керамики Мох Моховая 42,,https://moh-keramika.ru/,medium,,,
B,«Вернувшиеся» / «Безликие» — иммерсивное шоу в особняке на Дворцовой набережной,Санкт-Петербург,viral,иммерсивный спектакль,,,,,"Шоу-погружение по «Привидениям» Ибсена в 4-этажном особняке XVIII века: 50 комнат, 18 персонажей, 2,5 часа; та же команда выпускает «Безликих».","Самый громкий иммерсивный бренд, петербургская версия в историческом особняке; зрители узнают актёров по соцсетям — органичный вирусный контент. Проверить актуальность сезона 2026 в СПб.",,5,Для двоих;Для женщин;Универсальные,,,,,иммерсивное шоу Вернувшиеся Дворцовая набережная,,https://spb.kassir.ru/teatr/immersivnoe-shou-vernuvshiesya,medium,,,
B,Стендап-клуб на Белинского (Stand Up Studio),Санкт-Петербург,viral,комеди-клуб,,,1000,https://standupstudio.ru/belinskogo,"Специализированный стендап-клуб на Белинского, 9: стендап-вечера ежедневно, билеты от 1000 ₽.",«Классический» стендап-клуб с ежедневной афишей; чек низкий — удобен как «дополнение» к сертификату или ко «второй половине вечера».,,3,Для двоих;Для женщин;Универсальные,,,,,Стендап клуб на Белинского 9,,https://standupstudio.ru/belinskogo,medium,,,
B,Театр «Особняк»,Санкт-Петербург,viral,театр для взрослых,,,,https://osobnjak.ru/,"Экспериментальная камерная площадка (с 1989): неформатные спектакли и перформансы, принимает «Такой театр»; новый формат — закрытый показ спектакля-променада для компании по единому билету.","Камерность (опоздавших не пускают, свободная рассадка) и «спектакль для своей компании» — готовый сертификат-впечатление.",,4,Для двоих;Для женщин;Универсальные,,,,,театр Особняк Санкт-Петербург,,https://osobnjak.ru/zritelyam,medium,,,
B,«Смотри и Пой» — приватные караоке-боксы,Санкт-Петербург,viral,караоке-бокс,,,,https://siploft.ru/,"18 отдельных караоке-залов в ТЦ «Невский Атриум» (Маяковская): своя компания, без посторонних, аренда по часам.",Азиатский формат караоке-боксов — вирусный контент «поём в своей комнате»; крупнейшее по числу залов место в центре. Цены и сертификаты уточнить.,,4,Для двоих;Для женщин;Универсальные,,,,,Смотри и Пой караоке Невский Атриум,,https://siploft.ru/,medium,,,
C,SVIDANIE — студия керамики Ольги Рыбалко,Санкт-Петербург,viral,керамика новой волны,5.0,2,,https://svidanie-studio.ru/,"Некоммерческая авторская керамическая студия (пр. КИМа, 6): занятия подстраиваются под желания и темп гостя, формат «керамическое свидание».","Рейтинг 5.0 (2ГИС), название и формат сами по себе — контент для соцсетей; маленький масштаб — проверить пропускную способность.",,4,Для двоих;Для женщин;Универсальные,,,,,Svidanie студия керамики проспект КИМа 6,,https://2gis.ru/spb/firm/70000001035737799,low,,,
C,Термбург,Москва,relax,Термальный комплекс,4.8,,2000,https://termburg.ru/,"Термы в Печатниках: термальные ванны, бани-бочки, песчаная и травяная сауны, бассейн с гидромассажем.","Рейтинг 4.8 в подборках, продаёт номинальные сертификаты «банники»; но отзывы противоречивые (жалобы на износ) — проверить лично.",True,3,Для двоих;Для женщин;Универсальные,,,,,Термбург Гурьянова 30,,https://tenchat.ru/media/3594051-luchshiye-termalnyye-kompleksy-moskvy-top9-reyting-term,medium,,,
C,Octane Club,Москва,premium,Аренда суперкаров,4.7,3,,https://octane.club/,Аренда спорткаров и суперкаров премиум-класса на Новом Арбате.,"Заметный бренд в сегменте, но мало оценок и разброс рейтингов (4.7/3 на 2ГИС, 4.1 Zoon) — запасной вариант.",,4,Для двоих;Для мужчин;Премиум,,,,,Octane club Новый Арбат 36,,https://2gis.ru/moscow/firm/70000001035725274/tab/reviews,medium,,,
C,"Luminar (иммерсивное арт-пространство, ВДНХ)",Москва,tech,иммерсивный музей / digital art,4.4,138,1500,,"Мультимедийное иммерсивное пространство 1000+ м² на территории «Солнца Москвы» (ВДНХ), открылось выставкой от Sila Sveta.","Первое пространство такого формата в Москве, свежий запуск 2025, контент от лучшей российской медиа-студии — идеальный «инстаграмный» подарок.",,5,Для мужчин;Универсальные,,,2gis,"Ниже 4.5 на 2ГИС. Карточки Яндекс Карт есть (Люминар / Luminar-x), 2-я Останкинская 3, МФК «Солнце Москвы»",Luminar иммерсивное пространство Солнце Москвы ВДНХ,,https://event.ru/news/v-moskve-otkryilos-pervoe-immersivnoe-art-prostranstvo-luminar-vyistavkoy-ot-sila-sveta/,medium,,,
C,Беседка Chef's Table — WE LODGE,СПб и ЛО,visual,Ужин у шефа за городом,4.4,53,,https://welodge.ru/,"Каждые выходные шеф ресторана HVOY готовит в беседке выдержанные стейки, блюда из домашней коптильни и общается с гостями.",Загородный клуб с визуально сильной концепцией — «ужин в лесу с шефом» для пар и компаний.,,5,Для двоих;Для женщин;Универсальные,,,2gis,"НИЖЕ 4.5: 2ГИС 4.4/53, Zoon 4.3; 671 отзыв на Яндекс Путешествиях (рейтинг не виден); жалобы на доплаты",WE LODGE загородный клуб,,https://welodge.ru/restaurants/besedka-chef-s-table/,medium,,,
C,Спортинг Клуб Москва (СКМ),МО,premium,Стендовая стрельба премиум,4.4,42,10000,https://sporting-club.ru/,Спортинг (стрельба по тарелкам) с инструктором на первом частном стрельбище России на Минском шоссе.,"Статусный клуб с 1997 г., сертификаты от 10 000 ₽; рейтинг 4.4/42 на 2ГИС ниже порога — проверить Яндекс.",True,4,Для двоих;Для мужчин;Премиум,,,,,Спортинг клуб Москва Минское шоссе 31 км,,https://2gis.ru/moscow/firm/4504127918768171/tab/reviews,medium,,,
C,Хаски-парк «Сокольники» (Большое приключение),Москва,family|season,Хаски / собачьи упряжки,4.4,36,,https://husky-sokolniki.ru/,"Хаски-парк в парке Сокольники — проект полярников Дмитрия и Матвея Шпаро: знакомство с хаски, зимой катание в упряжке, догтрекинг.","Единственный хаски-парк в черте Москвы — не нужно ехать за город; сильный бренд «Большое приключение», сезонный зимний спрос.",,4,Для мужчин;Для детей;Универсальные,,,2gis,Ниже 4.5. Жалобы на отсутствие туалетов и условия содержания животных,Хаски-парк Сокольники Большое приключение,,https://husky-sokolniki.ru/,medium,,,
C,RockZona — центр скалолазания,Москва,season,боулдеринг,4.4,,,https://rzclimbing.ru/,"Боулдеринг-зал на пр. Андропова, 22 с большой площадью, обновляемыми трассами и зоной разминки.","Крупнейший клуб детского скалолазания Москвы; оценка Zoon 4.4 — ниже порога, поэтому C.",,3,Для мужчин;Универсальные,,,,,RockZona скалодром проспект Андропова 22,,https://zoon.ru/msk/fitness/klub_skalolazaniya_rockzona_na_prospekte_andropova_22/,medium,,,
C,Планетарий Санкт-Петербурга (Александровский парк),Санкт-Петербург,visual,Полнокупольное музыкальное шоу,4.3,325,,https://planetary-spb.ru/,Полнокупольные шоу-концерты «Interstellar. Концерт под звёздами» под саундтреки блокбастеров с космическими проекциями.,Формат «кино-концерт под куполом» отличается от Планетария №1; старейший планетарий города.,,4,Для двоих;Для женщин;Универсальные,,,2gis,"НИЖЕ 4.5: 2ГИС 4.3/325, Zoon 3.4/10",Планетарий Санкт-Петербурга Александровский парк,,https://peterburg.center/event/muzykalnoe-polnokupolnoe-shou-interstellar-koncert-pod-zvezdami-v-planetarii.html,medium,Планетарий №1,,
C,SAVVA — Chef's Table,Москва,gastro,Chef's table / гастроужин,4.3,54,11000,https://savvarest.ru/chefs-table,"Закрытый ужин у шефа Андрея Шмакова на 12 гостей, 9 курсов в отеле «Метрополь»; сет 11 000 ₽ + пейринг 6000 ₽.",Мишленовский уровень (SAVVA в гиде Michelin Moscow) и локация напротив Большого — статусный подарок.,,5,Для двоих;Для мужчин;Для женщин;Универсальные,,,2gis,"Ниже 4.5 (2ГИС 4.3/54, Zoon 2.5). Звезда Michelin 2022, средний чек ~6000 ₽",SAVVA ресторан Метрополь,,https://savvarest.ru/chefs-table,medium,,,
C,Гастротеатр Chef's Table (Владимир Мухин),Москва,gastro,Chef's table / гастроужин,4.3,,,https://chefs-table.ru/,Ресторан-театр на 20 мест с тематическими дегустационными сетами от команды Владимира Мухина; сертификаты на сайте.,"Флагман формата chef's table в России, звёздный шеф — премиальный подарок с максимальным wow; чек уточнить (может превышать 15 тыс.).",True,5,Для двоих;Для мужчин;Для женщин;Универсальные,,,other,"TripAdvisor 4.3; карточка 2ГИС есть (Смоленский Пассаж), рейтинг не виден. 20 мест, 12–18 тыс. ₽/гость",Chef's Table гастротеатр Москва,,https://chefs-table.ru/certificate,high,,,
C,Ресторан «В темноте?!»,Москва,gastro,Ужин в темноте,4.2,132,,https://v-temnote.ru/,"Ужин в полной темноте с незрячими официантами, меню-сюрприз по цветам (мясо/вег/море/сюрприз), начало в 18:00.","Единственный в Москве формат ужина в темноте, социальная миссия; отличный подарок «впечатление для двоих».",,4,Для двоих;Для мужчин;Для женщин;Универсальные,,,2gis,"Ниже 4.5 (2ГИС 4.2, 132 оценки/76 отзывов). Чек ~1700 ₽ без напитков",Ресторан В темноте Октябрьская 2/4,,https://kudago.com/msk/place/restoran-v-temnote/,high,,,
C,Иммерсивная выставка «Алиса в Зазеркалье» (ТРК «Планета Нептун»),Санкт-Петербург,visual,Иммерсивная выставка / чаепитие,4.2,56,,,"Интерактивные инсталляции: чаепитие с Безумным Шляпником, королевский крокет, разговор с Абсолемом.",Закрывает запрос «тематическое чаепитие Алиса» + иммерсивная выставка; семейный и парный формат.,,4,Для двоих;Для женщин;Универсальные,,,2gis,"НИЖЕ 4.5: 2ГИС 4.2/56; отзывы неоднозначные («иммерсивности нет»), билет 500 руб, обход 30-60 мин",Алиса в Зазеркалье выставка Планета Нептун,,https://mos-holidays.ru/spb/meropriyatiya/vystavki/immersivnaya-vystavka-alisa-v-zazerkale/,medium,,,
C,Termoland Пулковский,Санкт-Петербург,relax,Термы / городской курорт,4.1,330,,https://pulkovo.termoland.ru/,"Городской курорт с 11 купелями и бассейнами, банями и термальными зонами в ТРК «Лето».","Первые большие термы Петербурга (открылись в 2025), в 2026 строится вторая очередь и новые комплексы — тема терм в СПб на подъёме.",,4,Для двоих;Для женщин;Универсальные,,,other,НИЖЕ 4.5: 4.1 по 330 отзывам (2ГИС/Яндекс); это сеть Termoland; жалобы на очереди и мелкие бассейны,Термолэнд Пулковское шоссе ТРК Лето,,https://gk-osnova.ru/novosti/gk-osnova-otkrila-pervii-v-sankt-peterburge-gorodskoi-kurort-termolend,medium,,,
C,Высотный Город,Санкт-Петербург,family|season,Верёвочный парк + скалодром,4.1,12,,https://vysotnygorod.ru/,"Крытый парк активного отдыха: верёвочные трассы разной сложности, скалодром и батуты, внимательные инструкторы.","Всесезонный крытый формат (актуально осенью-зимой), в топ-подборках kp.ru/KidsReview 2025–2026; Энергия Высоты уже партнёр — это альтернатива.",,3,Для мужчин;Для детей;Универсальные,,,zoon,"НИЖЕ 4.5: Zoon 4.1/12 (Приморский пр. 72); две локации (Питерлэнд, Гранд Каньон); жалобы на персонал и цены",Высотный Город верёвочный парк Санкт-Петербург,,https://www.kp.ru/afisha/spb/obzory/moj-gorod/luchshie-verevochnye-parki-sankt-peterburge/,medium,,,
C,CULINARYON — детские кулинарные мастер-классы,Москва,family,Детская кулинарная студия,4.0,48,,https://culinaryon.ru/,Детские кулинарные мастер-классы и праздники в студии CULINARYON: за 3 часа дети готовят 3 блюда и пьют чай с собственным десертом.,"Крупнейшая кулинарная студия Москвы, 1000+ отзывов, уже продаёт подарочные сертификаты с открытой датой — быстрый онбординг.",True,4,Для детей;Универсальные,,,zoon,"Сеть (несколько филиалов, БЦ Golden Gate и др.). На Яндекс Картах 1000+ отзывов, но рейтинг в сниппете не виден; Zoon 4.0 (48 отзывов/33 оценки), отзывы смешанные. irecommend упоминает ребрендинг в EventyOn — проверить",CULINARYON кулинарная студия Москва,,https://culinaryon.ru/,high,,,
C,Студия Юлии Высоцкой,Москва,family|gastro,Кулинарная студия,4.0,,,https://studio.jvcompany.ru/certificates,"Кулинарные мастер-классы в 5 локациях в центре Москвы, подарочные сертификаты.","Узнаваемый медийный бренд, сеть студий — масштабируемый партнёр вместо Кулинарной школы №1.",True,4,Для двоих;Для мужчин;Для женщин;Для детей;Универсальные,,,zoon,"Ниже 4.5 на Zoon. Два адреса в 2ГИС (Правды 21с1, Ленинградский пр. 35). Есть жалобы на несоответствие меню",Студия Юлии Высоцкой кулинарные мастер-классы,,https://studio.jvcompany.ru/certificates,medium,,,
C,"Прокат багги «На мотике» (база Зубровник, Токсово)",СПб и ЛО,extreme,багги,3.9,,3500,https://namotike.ru/prokat-baggi/,"Катание на багги по лесным трассам на базе экотуризма «Зубровник» в Токсово, 15 минут от города, инструктаж и снаряжение включены.",Ближайший к Петербургу багги-прокат с понятной ценой 3 500 ₽ за 45 минут; красивая лесная локация с зубрами рядом.,,3,Для мужчин;Универсальные,,,other,НИЖЕ 4.5: рейтинг 3.9 (Zoon/fooby); жалобы на неисправную технику на базе Зубровник,прокат багги Зубровник Токсово,,https://namotike.ru/prokat-baggi/,medium,,,
C,Жар-Птица (бани),Москва,relax,Банный клуб,3.8,8,,https://jarpticabani.ru/,Парение и банный вечер в авторской бане «Жар-Птица» с программами парения от пар-мастеров.,"Сильный бренд новой волны московских бань, на сайте отдельный раздел сертификатов; та же команда открыла гастробаню «Огниво».",True,4,Для двоих;Для женщин;Универсальные,,,zoon,"Zoon 3.8 (8 отзывов/25 оценок) — ниже 4.5; карточки Яндекс/2ГИС есть (Н. Масловка 15), их рейтинг не виден",Жар-Птица баня Москва,,https://jarpticabani.ru/certificates/,medium,,,
C,Dans le Noir? (ужин в темноте),Санкт-Петербург,gastro,Ужин в темноте,3.7,46,,https://dln.spb.ru/,"Гастрономический ужин в полной темноте в Solo Sokos Hotel Palace Bridge, Биржевой пер. 2-4.","Международная франшиза, единственный такой формат в СПб; сильный подарок-впечатление.",,4,Для двоих;Для мужчин;Для женщин;Универсальные,,,zoon,"НИЖЕ 4.5: Zoon 3.7 (2 отзыва, 46 оценок); смешанные отзывы — еда нейтральная, «одноразовый аттракцион»; Hotel Palace Bridge, Биржевой пер. 2-4",Dans le Noir ужин в темноте Санкт-Петербург,,https://dln.spb.ru/,high,,,
C,Парк «Волшебная Миля» — интерактивные спектакли,Санкт-Петербург,family|season,Интерактивный театр / парк,3.7,37,,https://magicmile.ru/teatr/,"Иммерсивные спектакли в крытом парке «Волшебная Миля», где зрители становятся участниками действия по сюжетам любимых сказок.","Крытый формат под осень-зиму, сочетание парка развлечений и театра — сильный семейный чек.",,4,Для мужчин;Для детей;Универсальные,,,zoon,"НИЖЕ 4.5: Zoon 3.7 (37 оценок), Otzovik 4.3/48; ТРК Гранд Каньон",Волшебная Миля парк Санкт-Петербург,,https://magicmile.ru/teatr/,medium,,,
C,Perfume Project (парфюмерная студия),Москва,mindful,Парфюмерный мастер-класс,3.5,6,,https://perfume-project.com/,"2-часовой мастер-класс по созданию своего аромата на французском сырье, 20 тематик, формула сохраняется для повтора.",Профессиональная студия с лабораторным оборудованием и стабильно восторженными отзывами; актуальная замена закрытому OLFACTORY LAB.,,4,Для двоих;Для женщин,,,2gis,"Низкий рейтинг: 2ГИС 3.5 (6 оценок), Zoon 3.4. Жалобы на спешку на 2-часовом МК и стойкость аромата",Perfume Project Луков переулок 10,,https://2gis.ru/moscow/firm/70000001047764938/tab/reviews,medium,,,
C,Столярная школа Rubankov,Санкт-Петербург,craft,Столярка,3.3,17,,https://rubankov.ru/workshop/,Практикум «Основы столярного мастерства» и разовые мастер-классы в школе при магазине инструмента Rubankov.,Известный бренд ручного инструмента — доверие и качество оснащения.,,3,Для мужчин;Для женщин;Универсальные,,,zoon,"НИЖЕ 4.5: Zoon 3.3 (1 отзыв, 17 оценок), Yell 4; карточка 2ГИС — интернет-магазин Rubankov (Обводный 199-201Ж)",Rubankov столярная школа Санкт-Петербург,,https://rubankov.ru/workshop/stolyarnaya-shkola-sankt-peterburg/,medium,,,
C,Парусная Академия,Москва,water,яхтинг / обучение,3.0,,10000,https://yachtingacademy.ru/gift-certificates,"Курсы яхтинга, тренировки и регаты на Клязьминском водохранилище; сертификат на любую услугу, курсы от 10 000 ₽.","На сайте уже есть готовые подарочные сертификаты (страница gifts2025), сильный бренд в московском яхтинге.",True,4,Для двоих;Для мужчин;Универсальные,,,zoon,"Zoon 3.0 (низко). Офис — БП Кутузовский 36 (2ГИС), базы на Клязьме, в Строгино и в Крыму. На сайте отдельная страница сертификатов",Парусная Академия Клязьминское водохранилище,,https://yachtingacademy.ru/gift-certificates,high,,,
C,Сыроварня Джея,МО,gastro,Сыроварня — экскурсия и МК по сыру,3.0,,2000,,"Двухчасовая экскурсия по ферме с дегустацией 20+ сортов (2000 ₽) или мастер-класс по сыру (5000 ₽), дер. Мошницы, Солнечногорск.",Ферма с харизматичным брендом и понятными ценами в диапазоне сертификата; сырный туризм — растущий тренд Подмосковья.,,4,Для двоих;Для мужчин;Для женщин;Универсальные,,,zoon,"Низкий Zoon 3.0; отзывы поляризованы (жалобы на качество сыра). Название на картах «33 сыра от Джея», Мошницы 169",Сыроварня Джея Мошницы,,https://mag.russpass.ru/rubric/moskva/moskovskie-syrovarni,medium,,,
C,Клуб Rope-Jumper (СПб),СПб и ЛО,extreme,роупджампинг,,,,https://spb.rope-jumper.ru/,"Организованные прыжки с верёвкой с заброшенных зданий, труб и ж/д мостов в Ленобласти, трансфер включён.","Действующий клуб с собственным сайтом и записью, альтернатива RAPT; нужна проверка рейтинга и качества фото/видео.",,3,Для мужчин;Универсальные,,,,,Rope-Jumper роупджампинг Санкт-Петербург,,https://spb.rope-jumper.ru/,low,,,
C,RedPoint (мастер-класс по ледолазанию),Москва,extreme,ледолазание,,,800,http://redpoint.msk.ru/article/7,"3-часовой мастер-класс по ледолазанию на скалодроме RedPoint (ул. Вятская): лекция, ледовые инструменты, кошки, лазание с тренером.","Редкая, незаезженная зимняя активность в черте города; арочная 12,5-метровая стена. Чек низкий — подходит как вход в новую категорию.",,3,Для мужчин;Универсальные,,,,,скалодром RedPoint Вятская Москва,,http://redpoint.msk.ru/article/7,medium,,,
C,Ерино Родео (мотопрокат),МО,extreme,эндуро / питбайк,,,,https://erinorodeo.ru/motoprokat,"Парк активного семейного отдыха в Новой Москве с прокатом эндуро-мотоциклов и питбайков, трассы для новичков.","Близко к Москве, семейный формат парка с несколькими активностями на одной площадке; удобно для сертификатов «попробовать эндуро».",,3,Для мужчин;Универсальные,,,,,Ерино Родео парк активного отдыха,,https://erinorodeo.ru/motoprokat,medium,,,
C,GT Driving (школа экстремального вождения),Москва,extreme,экстрим-вождение / дрифт,,,,https://www.gt-driving.ru/podarochnie-sertifikati-na-extremalnoe-vojdenie/,"Курсы экстремального и контраварийного вождения, уроки дрифта, заезды на треке; продают собственные подарочные сертификаты.","Готовая сертификатная продуктовая линейка на сайте, работа на автодромах Подмосковья; нужна проверка рейтинга.",True,3,Для мужчин;Универсальные,,,,,GT Driving школа экстремального вождения,,https://www.gt-driving.ru/podarochnie-sertifikati-na-extremalnoe-vojdenie/,low,,,
C,Igels Live Club,Санкт-Петербург,extreme,скалодром / акробатика,,,,,"Мультиспортивный клуб: самый большой боулдер-зал в СПб, высокая стена, батуты, воздушная гимнастика, паркур.",Несколько экстрим-активностей на одной площадке — удобно для универсального сертификата; в топах СПб 2025-2026.,,3,Для мужчин;Универсальные,,,,,Igels Live Club скалодром Санкт-Петербург,,https://kudago.com/spb/list/luchshie-skalodromy-peterburga/,medium,,,
C,Friends Team (спелеотур в Сьяны),МО,extreme,спелео,,,3000,https://friendsteam.ru/adventures/,"Спелеопоход по Сьяновским каменоломням (18,8 км ходов) с гидом, ~5 часов под землёй, все главные достопримечательности системы.","Нишевый, атмосферный и очень «контентный» опыт; тур-клуб также делает ледолазание и приключения — потенциально несколько продуктов от одного партнёра.",,3,Для мужчин;Универсальные,,,,,Friends Team спелеотур Сьяны,,https://friendsteam.ru/adventures/,medium,,,
C,Аэроклуб «Стриж»,МО,extreme,парашют-тандем,,,10000,,Тандемные прыжки по выходным на недавно отреставрированном аэродроме в Подмосковье.,Возобновил прыжки — «новый» игрок 2025 для подборок; низкая цена тандема 10 000 ₽ до 90 кг.,,3,Для мужчин;Универсальные,,,,,аэроклуб Стриж прыжки с парашютом,,https://mos-holidays.ru/gde-mozhno-prygnut-s-parashyutom-top-6-luchshix-parashyutnyx-klubov-moskvy-i-oblasti,low,,,
C,Sport Yachts (СПб),Санкт-Петербург,water,прогулки на парусной яхте,,,,https://sportyachts.ru/,Прогулки на парусных яхтах с капитаном-инструктором по Финскому заливу до 10 гостей и парусные курсы.,"Формат «прогулка без подготовки» удобнее для подарка, чем курс; в топ-7 клубов СПб по версии T-Ж 2026.",,4,Для двоих;Для мужчин;Универсальные,,,,,Sport Yachts парусные яхты Санкт-Петербург,,https://t-j.ru/yachts-spb/,low,,,
C,Costa Wake (Новая Москва),МО,water,серф на искусственной волне,,,,https://costawake.pro/,"Серфинг на искусственной волне с инструктором, 60 минут, площадка в Новой Москве.",Ещё один оператор искусственной волны с готовым продуктом на 60 минут; полезно как альтернатива Сколково по локации.,,3,Для двоих;Для мужчин;Универсальные,,,,,Costa Wake серфинг Новая Москва,,https://costawake.pro/en/product/serfing-na-iskusstvennoj-volne-s-instruktorom-60-minut-novaya-moskva/,low,,,
C,Клуб Para-pilot,МО,air,параплан-тандем,,,5000,https://parapilot.club/tandem-parapilot,Полёт на параплане с инструктором в Подмосковье: буксировка лебёдкой на 300–450 м и свободный полёт 5–10 минут.,Новый парадром-комплекс и сертифицированное снаряжение по описанию; ещё один вариант для распределения нагрузки по погодным дням.,,3,Для двоих;Для мужчин;Универсальные,,,,,Para-pilot параплан тандем Подмосковье,,https://parapilot.club/tandem-parapilot,low,,,
C,Аэротруба «Аэродинамика»,Москва,air,аэротруба,,,3000,https://aerodynamika.ru/,"Аэродинамическая труба системы Tornado (диаметр 2,5 м, зона полёта 8 м) с парком аттракционов.",Входит в подборки T-Ж/RUSSPASS «9 лучших аэротруб Москвы» и не в базе партнёров (FLYSTATION/Freezone/FLYARENA/Fly Zone исключены).,,3,Для двоих;Для мужчин;Универсальные,,,,,аэротруба Аэродинамика Москва,,https://t-j.ru/short/letim-v-trubu/,medium,,,
C,YouFly (аэротруба у Дубровки),Москва,air,аэротруба,,,3000,,"Аэротруба с зоной полёта 10 м у м. Дубровка, полёты для новичков с инструктором.","Городская локация с доступным чеком, в топах RUSSPASS/T-Ж; не пересекается с исключёнными трубами.",,3,Для двоих;Для мужчин;Универсальные,,,,,YouFly аэротруба Дубровка,,https://mag.russpass.ru/rubric/moskva/polet-v-aerotrube,medium,,,
C,"AeroDream (аэротруба, ТРК Питер Радуга)",Санкт-Петербург,air,аэротруба,,,3000,https://aerodream.spb.ru/,"Первая аэротруба Петербурга в ТРК «Питер Радуга» (пр. Космонавтов, 14), полёты для детей и взрослых.","Городская труба в ТЦ на юге города, не пересекается с FLYSTATION/FLYARENA/Freezone; удобно для семейных сертификатов.",,3,Для двоих;Для мужчин;Универсальные,,,,,AeroDream аэротруба Питер Радуга,,https://aerodream.spb.ru/,medium,,,
C,Центр Полётов (авиатренажёры Boeing 737 / A320 / Cessna),Санкт-Петербург,air,авиасимулятор,,,4500,https://centrpoletov.ru/,"Авиатренажёры Boeing 737, Airbus A320 и Cessna 172 в Петербурге, сессии с инструктором, сертификаты от 4 500 ₽.",Полноразмерные кабины лайнеров — редкий для СПб продукт; готовые сертификаты со сроком 1 год.,True,3,Для двоих;Для мужчин;Универсальные,,,,,Центр Полётов авиатренажер Санкт-Петербург,,https://centrpoletov.ru/,low,,,
C,Proba Club (SimRacing VR),Москва,tech,sim racing / VR,,,1000,https://www.probaclub.com/,"Симрейсинг-клуб с кокпитами на direct-drive рулях MOZA R5/R12 и VR, заезды по кольцу, дрифт, городские гонки.","Современное оборудование (MOZA DD + VR), сессии дешёвые — хорош как «пробный» техно-сертификат.",,3,Для мужчин;Универсальные,,,,,Proba Club симрейсинг Москва,,https://www.probaclub.com/,medium,,,
C,Baza VR,Москва,tech,VR-арена свободного перемещения,,,1500,,"Арена 200 м² свободного перемещения в неоновой футуристической стилистике, командные VR-игры.","Яркий интерьер для фото, крупная арена; фигурирует в рейтингах VR-клубов Москвы 2026.",,4,Для мужчин;Универсальные,,,,,Baza VR арена Москва,,https://www.kp.ru/russia/moskva/luchshie-kluby-virtualnoj-realnosti-v-moskve/,low,,,
C,VK Play Арена (Yota Arena) / клуб VP Bearloga,Москва,tech,киберспорт-арена,,,,https://arena-yota.ru/club/,Крупнейшая киберспортивная арена России; на первом этаже компьютерный клуб VP Bearloga на 90 мест с игровыми зонами мирового уровня.,Флагманская площадка индустрии — сертификат «игровой вечер на VK Play Арене» имеет статусный эффект; удобно под корпоративные подарки.,,4,Для мужчин;Универсальные,,,,,VK Play Арена Yota Arena Москва,,https://arena-yota.ru/club/,medium,,,
C,Hi-Racing (автосимуляторы),Санкт-Петербург,tech,sim racing,,,1500,https://hi-racing.ru/,"Клуб гоночных симуляторов в Приморском районе (пр. Авиаконструкторов, 63): первые заезды, тренировки, дрифт, time attack, ралли.",Готовые форматы «первый заезд» под сертификат; второй оператор для географического покрытия севера города.,,3,Для мужчин;Универсальные,,,,,Hi-Racing автосимуляторы Авиаконструкторов 63,,https://hi-racing.ru/,medium,,,
C,VRoom Games,Санкт-Петербург,tech,VR-арена / авторские игры,,,1500,,VR-клуб в центре Петербурга: 2 игровые зоны на 200 м² с играми собственной разработки.,Авторский контент — отличие от сетевых арен; центр города. Нужна проверка рейтинга.,,3,Для мужчин;Универсальные,,,,,VRoom Games VR клуб Санкт-Петербург,,https://piter.now/top-10-klubov-virtualnoj-realnosti-v-sankt-peterburge/,low,,,
C,SKADI CRYO,Москва,relax,Крио-спа / криосауна,,,1500,https://skadicryo.ru/,Сеанс криосауны (-130°C) и крио-спа процедуры в специализированном крио-салоне.,"Специализированный крио-бренд (не клиника), подходящий для короткого «wow»-впечатления; сегмент криосаун пока не закрыт партнёрами.",,3,Для двоих;Для женщин;Универсальные,,,,,SKADI CRYO криосауна Москва,,https://skadicryo.ru/,low,,,
C,Sul Mare (флоат-клуб),Санкт-Петербург,relax,Флоатинг,,,,,"Сеанс флоатинга в флоат-клубе, входящем в топ Петербурга по отзывам.",Назван среди самых востребованных флоат-студий СПб; нужен для замены Elixir/Тишина в городе.,,3,Для двоих;Для женщин;Универсальные,,,,,Sul Mare флоат-клуб Санкт-Петербург,,https://www.yapokupayu.ru/blogs/post/floating-v-sankt-peterburge,low,,,
C,FIRM Барбершоп,Москва,beauty,Барбершоп премиум,,,,https://firmbarbershop.ru/,Мужская стрижка и бритьё в барбершопе FIRM с фирменным ритуалом.,Электронные (10 минут) и бумажные сертификаты в брендированной упаковке — процесс уже отлажен.,True,3,Для двоих;Для женщин,,,,,FIRM барбершоп Москва,,https://firmbarbershop.ru/certificates/,low,,,
C,First & Only Fitness & Wellness,Москва,beauty,Велнес-клуб премиум,,,,https://firstandonly.ru/,Разовое посещение премиального фитнес-велнес клуба со спа-зоной.,Клуб допускает разовые визиты «чтобы почувствовать пространство» — удобно под сертификат-впечатление.,,4,Для двоих;Для женщин,,,,,First and Only фитнес велнес Москва,,https://firstandonly.ru/,low,,,
C,FaceRoom,Санкт-Петербург,beauty,Массаж лица / косметология-впечатление,,,,,"Сеанс скульптурного массажа лица, лимфодренажа и миофасциального релиза — «омоложение без инъекций».","Сеть, работающая только с лицом; формат «уход-впечатление» востребован как подарок женщинам 30+.",,4,Для двоих;Для женщин,,,,,FaceRoom массаж лица Санкт-Петербург,,https://top15moscow.ru/novosti/5-luchsih-massazhnyh-salonov-peterburga,low,,,
C,Время Spa,Санкт-Петербург,beauty,Камерный спа-салон,,,,,"Приватная спа-зона, программы для одного и для двоих в камерном велнес-салоне.",Отмечен в подборках лучших спа СПб 2026 как интимный формат с приватной зоной — подходит под «спа-сьют на двоих».,,3,Для двоих;Для женщин,,,,,Время Spa Санкт-Петербург,,https://top15moscow.ru/novosti/velness-zentri-sankt-peterburga,low,,,
C,Pokrovka SPA,Москва,beauty,Хаммам / восточные ритуалы,,,,https://pokrovkaspa.ru/,"Марокканский спа-ритуал в хаммаме: чёрное мыло, кесса, рассул, аргановое масло.",Авторские восточные ритуалы в центре Москвы — закрывает подкатегорию «хаммам-впечатление».,,3,Для двоих;Для женщин,,,,,Pokrovka SPA хаммам Покровка Москва,,https://pokrovkaspa.ru/marokko-spa-rituals,low,,,
C,Whisky Loft,Москва,gastro|premium,Виски-мастер-классы,,,,https://whiskyloft.com/,Мастер-класс с дегустацией виски и других крепких напитков для взрослых.,Специализированный формат с готовым сертификатом на мастер-класс; альтернатива Whisky Rooms.,True,3,Для двоих;Для мужчин;Для женщин;Премиум;Универсальные,,,,,Whisky Loft Москва мастер-класс,,https://whiskyloft.com/certificate/,low,,,
C,Делюкс-авто (ретро-автомобили с водителем),Москва,premium,Ретро-автомобиль с водителем,,,2500,https://delux-avto.ru/catalog/retro_avtomobili/,Прогулка по Москве на ГАЗ-13 «Чайка» 1968 г. или «Волге» ГАЗ-21 с водителем (от 2500–6000 ₽/час).,Ретро-прогулка — недорогая «люкс-эмоция» для фото и свиданий; парк Чайка/Волга в хорошем состоянии.,,4,Для двоих;Для мужчин;Премиум,,,,,Делюкс-авто аренда ретро автомобилей Москва,,https://delux-avto.ru/catalog/retro_avtomobili/,low,,,
C,КатерФлот (яхты с капитаном),Санкт-Петербург,premium,Яхты премиум-класса,,,11000,https://katerflot.ru/arenda-yahty-spb,"Аренда яхты с капитаном по Неве и заливу от 11 000 ₽/час, 29 яхт в каталоге.",Большой флот и прозрачные цены на 2026 год; запасной вариант для яхтенного сегмента.,,3,Для двоих;Для мужчин;Премиум,,,,,КатерФлот аренда яхт Санкт-Петербург,,https://katerflot.ru/arenda-yahty-spb,low,,,
C,Sound Healing Center,Москва,mindful,Звукотерапия,,,,https://sound-healing.center/,"Гонг-медитации, виброакустический массаж тибетскими чашами, какао-церемонии и джемы на этнических инструментах.",Сертифицированный центр звукотерапии с регулярными событиями (программа на 2026 г. на сайте).,,3,Для двоих;Для женщин,,,,,Sound Healing Center Москва,,https://sound-healing.center/,low,,,
C,Железный Феникс (чайный клуб),Москва,mindful,Чайная церемония,,,,https://clubcha.ru/,Китайская чайная церемония в клубе + пакет коллекционного чая домой.,"Сертификат уже в связке с подарком-чаем, доставка по Москве; стабильный оператор с телефоном 8-800.",True,3,Для двоих;Для женщин,,,,,Железный Феникс чайный клуб Москва,,https://clubcha.ru/products/tseremoniya-chajnaya-podarochnyj-sertifikat,medium,,,
C,NYM (студия дживамукти-йоги),Москва,mindful,Йога-студия премиум,,,,,Разовый класс дживамукти/инь/виньяса-йоги в студии в Плотниковом переулке (19 лет истории).,Культовая йога-студия центра Москвы с сильным комьюнити; замена YOGAPLATFORMA/Yoga Sfera.,,4,Для двоих;Для женщин,,,,,NYM йога Плотников переулок,,https://top15moscow.ru/novosti/topovye-studii-yogi-moskvy,low,,,
C,Звенигородская астрономическая обсерватория,МО,mindful,Астрономия / обсерватория,,,,https://space-school.org/Zven-observ-tour,"Платная экскурсия в действующую обсерваторию ИНАСАН: телескопы, подготовка к наблюдениям.",С 2026 экскурсии стали платными и регулярными; московская обсерватория Планетария закрыта на ремонт в 2026 — свободная ниша.,,3,Для двоих;Для женщин,,,,,Звенигородская обсерватория экскурсия,,https://space-school.org/Zven-observ-tour,low,,,
C,Wim Hof Method Russia (сертифицированный инструктор),Москва,mindful,Дыхательные практики / холод,,,,https://wimhof.ru/,Семинар по методу Вима Хофа: дыхательная техника + ледяная ванна с сертифицированным инструктором.,Сертификаты на метод уже продаются; тренд breathwork/ice bath растёт.,True,3,Для двоих;Для женщин,,,,,метод Вима Хофа семинар Москва,,https://wimhof.ru/method/,low,,,
C,Veta Perfume (студия Елизаветы Томиловой),Санкт-Петербург,mindful,Парфюмерный мастер-класс,,,,https://vetaperfume.com/,Групповой/индивидуальный мастер-класс по созданию аромата по авторской методике без ограничений по компонентам.,"Авторская студия с именем парфюмера, отзывы описывают процесс как «магический»; свежая альтернатива OLFACTORY LAB в СПб.",,4,Для двоих;Для женщин,,,,ЗАКРЫЛИСЬ: по сайту студия закрылась 12 июля (последний групповой МК); карточка 2ГИС Галерная 20,Veta Perfume парфюмерный мастер-класс Санкт-Петербург,,https://vetaperfume.com/workshop,medium,,,
C,Yoga Insight (гонг-медитации),Санкт-Петербург,mindful,Гонг-медитация,,,900,https://yogainsightspb.ru/programms/gong-meditaciya/,"Гонг-медитация 2–2,5 ч (2 раза в месяц по субботам), индивидуальная звуковая терапия.","Профессиональные ведущие, цены 900–2500 ₽ — доступный «чек входа» для звуковых практик в СПб.",,3,Для двоих;Для женщин,,,,,Yoga Insight йога студия Санкт-Петербург,,https://yogainsightspb.ru/programms/gong-meditaciya/,low,,,
C,Wine Education Hub / SimpleWine Events,Санкт-Петербург,premium,Винные дегустации,,,,https://simplewine.ru/events/spb/,"Открытые мастер-классы по дегустации вина и сыра, крепких напитков.","Регулярные события с открытой датой; закрывает «коллекционные вина/виски» в СПб, где Лига Бар уже партнёр.",,3,Для двоих;Для мужчин;Премиум,,,,,SimpleWine дегустации Санкт-Петербург,,https://simplewine.ru/events/spb/,low,,,
C,HaskiPark,Москва,family,Хаски / собачьи упряжки,,,,https://haskipark.ru/,Знакомство с хаски и катание на собачьих упряжках в Москве.,Попал в подборку «где покататься на хаски в Москве и Подмосковье 2026»; формат «час с хаски» хорошо упаковывается в сертификат.,,3,Для детей;Универсальные,,,,,HaskiPark хаски Москва,,https://www.kp.ru/russia/moskva/gde-pokatatsya-na-haski/,low,,,
C,Bogdo Studio — фотосессия с лошадьми,Москва,family,Фотосессия с лошадьми,,,,https://bogdo.studio/fotosessiya-s-loshadmi,"Семейные, love-story и индивидуальные фотосессии с лошадьми в Москве и Подмосковье.","Инстаграмный формат, подходит и для семьи, и для пары (романтика); отдельная посадочная страница с ценами.",,5,Для детей;Универсальные,,,,,Bogdo Studio фотосессия с лошадьми,,https://bogdo.studio/fotosessiya-s-loshadmi,low,,,
C,«Приют Белоснежки»,СПб и ЛО,family,Ферма / приют животных,,,,,"Ферма-приют в д. Шадырицы (Волосовский район): олени и другие животные, привыкшие к людям, экскурсии и кормление.","Подборка KudaGo «В стране оленьей» 2026; душевный формат «приют», хорошо заходит семьям.",,3,Для детей;Универсальные,,,,,Приют Белоснежки Шадырицы,,https://kudago.com/spb/list/v-strane-olenej-gde/,low,,,
C,Верёвочный парк TreeToTree,СПб и ЛО,family,Верёвочный парк,,,,,"Верёвочный парк с 2000 м трасс: тролли, сетки, канаты, брусья; дети от 5 лет (от 110 см).","Один из самых протяжённых верёвочных парков региона, в топ-5 по версии peterburg.center и kp.ru.",,3,Для детей;Универсальные,,,,,TreeToTree верёвочный парк,,https://www.kp.ru/afisha/spb/obzory/moj-gorod/luchshie-verevochnye-parki-sankt-peterburge/,low,,,
C,Ради Любви — свидание на крыше с куполом,Москва,romance,Свидание на крыше / купол,,,,https://radi-love.com/svidanie_na_krishe_kupol/,Свидание под куполом на крыше с ужином и оформлением для двоих.,"Ещё один игрок растущей ниши «купол на крыше»; полезен как резерв на пиковые даты (14 февраля, Новый год).",,4,Для двоих,,,,,Ради Любви свидание на крыше Москва,,https://radi-love.com/svidanie_na_krishe_kupol/,low,,,
C,Гостевые домики «Пятый сезон»,СПб и ЛО,country,A-frame с фито-баней и чаном,,,6000,https://5sezon-baza.ru/,"Четыре панорамных A-фрейма «Лето/Осень/Зима/Весна» в Хиттолоярви (30 минут от города), две фито-бани с панорамной парной и чан фурако.","Ближайший к Петербургу A-frame формат с чаном; проживание от 6000 ₽, баня от 3000 ₽, чан от 4500 ₽. Минус: смешанные отзывы о состоянии белья — проверить перед стартом.",,4,Для двоих,,,,,Пятый сезон база отдыха Хиттолоярви,,https://2gis.ru/spb/firm/70000001063426570,medium,,,
C,Иммерсивная выставка «Секреты Джузеппе Арчимбольдо»,Санкт-Петербург,season,Иммерсивная выставка,,,,,Мультимедийный проект с 3D-проекциями и звуковым сопровождением по работам Арчимбольдо.,Осенняя афиша 2026; временный проект — подходит для краткосрочной сезонной коллаборации с организатором.,,4,Для мужчин;Универсальные,,,,,Секреты Джузеппе Арчимбольдо выставка Санкт-Петербург,,https://www.kp.ru/afisha/spb/vistavki/luchshie-vystavki-sankt-peterburga/,low,,,
C,LifeStoryGroup — свидания под крышей и в планетарии,Санкт-Петербург,romance,организация свиданий,,,,https://dream.spb.ru/uslugi/svidaniya-pod-kryshey/v-planetarii/,"Агентство романтических свиданий: крыша, планетарий, декор, ужин под звёздным куполом.","Пакетные свидания «под ключ» с фото и ужином; закрывает формат «планетарий/обсерватория», которого нет в СПб-портфеле.",,4,Для двоих,,,,,LifeStoryGroup организация свиданий Санкт-Петербург,,https://dream.spb.ru/uslugi/svidaniya-pod-kryshey/v-planetarii/,low,,,
C,ТеплоходСПб — романтический вечер на катере,Санкт-Петербург,romance,катер с ужином для двоих,,,5000,https://teplohodspb.com/service/romanticheskij-vecher-na-katere/,"Аренда катера на двоих по Неве и каналам с ужином, музыкой, разводом мостов; катера от 5000 ₽.","Классический романтический формат для СПб, легко упаковать в сертификат с открытой датой (сезон апрель–ноябрь).",,4,Для двоих,,,,,ТеплоходСПб аренда катера романтический вечер,,https://teplohodspb.com/service/romanticheskij-vecher-na-katere/,low,,,
C,EmotionCity — свидание на крыше в центре Москвы,Москва,romance,свидание на крыше,,,,https://www.msk.emotioncity.ru/svidanie-na-kryshe-v-centre-moskvy,"Свидание/ужин под куполом на крыше в центре Москвы, пледы, декор, фото.",Дополнение к 7SKY/One Love/Igloobar; бренд уже продаёт сертификаты на впечатления.,True,4,Для двоих,,,,,EmotionCity свидание на крыше Москва,,https://www.msk.emotioncity.ru/svidanie-na-kryshe-v-centre-moskvy,low,,,
C,Etnika Studio — студия автопортрета,Москва,visual,студия автопортрета,,,,,"Сеть студий автопортрета «Этника» (Москва и СПб), уютные залы у метро, реквизит включён.",Присутствие в обоих городах; отзывы на Отзовике и Яндекс Картах положительные.,,3,Для двоих;Для женщин;Универсальные,,,,,Студия автопортрета Этника,,https://otzovik.com/reviews/studiya_avtoportreta_etnika_russia_moscow/,medium,,,
C,On — студия автопортрета,Санкт-Петербург,visual,студия автопортрета,,,,,"Просторная студия автопортрета на ул. Строителей, 7 с двумя гримёрками и продуманными деталями.",Положительные отзывы на Яндекс Картах; отдельная локация вне центра — расширяет географию.,,3,Для двоих;Для женщин;Универсальные,,,,,On студия автопортрета Строителей 7,,https://yandex.com/maps/org/on_studiya_avtoportreta/119545905135/,medium,,,
C,Tonyfish — рыбалка с гидом на Оке,МО,season,рыбалка с гидом,,,,https://tonyfish.ru/projects/rybalka-s-gidom/,"Рыболовный гид в 3 часах от Москвы, индивидуальные выезды, в т.ч. зимние.","Формат «рыбалка с гидом» отсутствует в московском портфеле; узкая, но подарочная ниша для мужчин.",,2,Для мужчин;Универсальные,,,,,Tonyfish рыбалка с гидом Ока,,https://tonyfish.ru/projects/rybalka-s-gidom/,low,,,
C,Ретро-трамвай «Первый туристический» (Музей ГЭТ),Санкт-Петербург,season,ретро-транспорт,,,,https://spb-gid.ru/ekskursii/turisticheskij-tramvaj/,"Экскурсия на реплике трамвая-«американки» 1933 г. по центру; с 31.03.2026 старт на Б. Посадской/Чапаева, билеты только онлайн.",Единственный регулярный ретро-трамвай; отзывы неоднородные (скучная подача) — рекомендуем как B/C.,,4,Для мужчин;Универсальные,,,,,Первый туристический ретро-трамвай Горэлектротранс,,https://spb-gid.ru/ekskursii/turisticheskij-tramvaj/,medium,,,
C,Креницы — зимняя рыбалка с гидом на Ладоге,СПб и ЛО,season,рыбалка с гидом,,,,https://krenitsy.ru/we-offer/winter-fishing,"База на Ладоге: доставка на лёд, рыбалка с гидом для 1–4 человек, круглогодично.",Единственный найденный оформленный продукт «зимняя рыбалка с гидом» под СПб.,,3,Для мужчин;Универсальные,,,,,Креницы база отдыха Ладога,,https://krenitsy.ru/we-offer/winter-fishing,medium,,,
C,POSEIDON Club — аренда хаусбота,МО,country,Хаусбот / дом на воде,,,,https://poseidonclub.ru/arenda-hausbota,Аренда плавучего дома (хаусбота) с террасой и грилем на Пироговском водохранилище — на несколько часов или на сутки.,Тренд «дом на воде» в 20 км от МКАД; подходит как подарок для пары или небольшой компании.,,4,Для двоих,,,,,Poseidon Club хаусбот Пироговское водохранилище,,https://poseidonclub.ru/arenda-hausbota,low,,,
C,Московская Школа Бариста,Москва,learn,Курс бариста,,,,https://baristaschool.ru/sertifikat,"Школа бариста, обучившая 800+ специалистов; подарочный сертификат в электронном или печатном виде на курс/мастер-класс.","Оформленный сертификат, понятный чек, альтернатива Академии Бариста.",True,3,Для женщин;Универсальные,,,,,Московская Школа Бариста,,https://baristaschool.ru/sertifikat,medium,,,
C,ИнноПарк — детский центр научных открытий,Москва,family,Музей науки для детей,,,750,https://park-inno.ru/,"Интерактивный музей физики в Сокольниках и ЦДМ: десятки экспонатов-экспериментов, гравитационные гонки, гигантские пузыри, маятник, рисующий песком.",Ближайшая альтернатива Экспериментаниуму с низким чеком (семья ~750 ₽ в будни); две локации.,,3,Для детей;Универсальные,,,,,ИнноПарк Сокольники,,https://zoon.ru/msk/kids/detskij_tsentr_nauchnyh_otkrytij_innopark_v_sokolnikah/reviews/,medium,,,
C,Кулинарная студия CLEVER — детские мастер-классы,Москва,family,Детская кулинарная студия,,,,https://clever.studio/dla-detey/,Детские кулинарные мастер-классы и курсы для ребят от 3 до 18 лет в студии CLEVER.,Специализированная детская программа по возрастам — альтернатива CULINARYON.,,3,Для детей;Универсальные,,,,,кулинарная студия Clever Москва,,https://clever.studio/dla-detey/,medium,,,
C,Art D'Vino — пространство арт-психологии,Москва,viral,вечеринка-формат,,,2500,https://artdevino.ru/,"Закрытые арт-вечеринки и арт-девичники с рисованием вином и красками в кафе, галереях и студиях Москвы под руководством художника.","Формат «рисование вином» + женские девичники, активные купонные акции (Biglion/Frendi до 2026) — понятный вирусный сценарий для соцсетей.",,3,Для двоих;Для женщин;Универсальные,,,,,Art D'Vino арт-вечеринки Москва,,https://artdevino.ru/,medium,,,
C,Палитра чувств — арт-студия на Маяковской,Москва,viral,арт-студия,,,2900,https://palitrachuvstv.ru/,"Арт-вечеринки с красками, вином и музыкой на Маяковской, творческие мастер-классы для взрослых.","Классический paint&wine в центре с доступным чеком, стабильно попадает в подборки арт-вечеринок Москвы.",,3,Для двоих;Для женщин;Универсальные,,,,,Палитра чувств арт-студия Маяковская,,https://palitrachuvstv.ru/artparties,medium,,,
C,House of Arts — сеть арт-студий,Москва,viral,арт-студия,,,2500,https://house-of-arts.ru/,"Сеть студий в центре (Мясницкая, Гончарная, Ср. Кисловский, Садовая-Каретная): живопись, керамика, свечи и арома, украшения из камней в домашней атмосфере.","5 локаций в центре, активный Telegram-канал, мультиформат «живопись + свечи + керамика» как у Fraumilk; отзывы смешанные — нужно проверить рейтинг.",,3,Для двоих;Для женщин;Универсальные,https://t.me/houseoffarts,,,,House of Arts Мясницкая 22,,https://2gis.ru/moscow/firm/70000001067700530/tab/reviews,medium,,,
C,Арт-вечер в темноте (неон под УФ),Москва,viral,вечеринка-формат,,,3900,https://xn-----6kcbblrfycqmiymzfkgadk.xn--p1ai/,"Неоновая арт-вечеринка: рисование светящимися красками под ультрафиолетом с музыкой, от 3 900 руб. (формат идёт в нескольких студиях Москвы).","Светящиеся холсты в темноте — самый фотогеничный подвид арт-вечеринки, идеально для TikTok; можно закрыть через одну из студий, которых ещё нет в базе.",,5,Для двоих;Для женщин;Универсальные,,,,,арт-вечеринка неон рисование в темноте Москва,,https://blacksart.ru/afisha-meropriyatiy/art-vecher-v-temnote/,low,,,
C,Fluid Art Party (Давай мечтать / Na Holste),Москва,viral,вечеринка-формат,,,3500,https://davaimechtat.art/fluid,"Мастер-классы по флюид-арту — заливка жидким акрилом с коктейлями, 18+, арт-вечеринка для компании.","Флюид-арт — визуально самый «залипательный» процесс для видео; несколько студий (davaimechtat.art, naholste-art.ru, fluidart.ru) ведут регулярное расписание.",,5,Для двоих;Для женщин;Универсальные,,,,,флюид арт мастер-класс Москва студия,,https://naholste-art.ru/fluide-art,low,,,
C,A FLOWER — цветочная студия,Москва,viral,арт-студия,,,3900,https://aflowermoskva.ru/master-klass-po-floristike/,Мастер-классы по флористике: сборка букета из сезонных свежих цветов под руководством флориста.,Флористика + красивая студия = контент для девичников; заменяет уже занятый в базе Berry Floral.,,4,Для двоих;Для женщин;Универсальные,,,,,A FLOWER цветочная студия Москва мастер-класс,,https://aflowermoskva.ru/master-klass-po-floristike/,medium,,,
C,Театр Предмета,Москва,viral,театр для взрослых,,,1500,,"Независимый театр предмета (спектакли «Наблюдатели» с Музеем истории ГУЛАГа, «Священный талисман», «Мия и Дракон»); играет на партнёрских площадках.","Предметный театр для взрослых с фестивальной репутацией — тот же тип «умного кукольного» контента, что у Karlsson Haus; без своей площадки — сертификат через партнёрские сцены.",,4,Для двоих;Для женщин;Универсальные,https://www.facebook.com/teatrpredmeta/,,,,Театр Предмета Москва,,https://ptj.spb.ru/spectacle/msk-teatr-predmeta-nabludateli/,medium,,,
C,"Гастрошоу «Кино, которого нет» / «Бар, которого нет»",Москва,viral,шоу,,,3500,https://gastroshow.ru/,Иммерсивное гастрономическое шоу с ужином из 4 блюд и коктейлями в декорациях особняка (реж. Вахтанг Вахтангишвили; продюсеры «Фантасмагории в чёрном»).,"Мультисенсорный ужин-спектакль на 60 гостей — формат, который снимают все; надо уточнить актуальность сезона 2026.",,5,Для двоих;Для женщин;Универсальные,,,,,Кино которого нет иммерсивное шоу Москва,,https://www.afisha.ru/performance/immersivnoe-gastronomicheskoe-shou-kino-kotorogo-net-249989/,low,,,
C,Гастротеатр SVET,Москва,viral,шоу,,,25000,https://teatr-svet.ru/,"Иммерсивный ужин-спектакль у Китай-города: сет из 6–7 блюд от шефа Станислава Песоцкого, проекции 360° на каждый стол, живой вокал, 32 места.",Самый эффектный ужин-шоу Москвы по картинке; чек от 25 000 руб. выходит за целевой диапазон — только как премиум-позиция.,,5,Для двоих;Для женщин;Премиум,,,,,SVET гастротеатр Подкопаевский переулок 4,,https://svetshow.ru/immersivnyy-uzhin-moskva,high,,,
C,Плейбек-театр «Парафраз»,Москва,viral,театр для взрослых,,,1000,https://teatr-parafraz.com/,"Московский театр плейбэк: зрители рассказывают личные истории, актёры и музыкант тут же разыгрывают их на сцене.",Плейбек — интерактивный камерный формат с высокой эмоциональной вовлечённостью; реакции зрителей — готовый вирусный контент.,,3,Для двоих;Для женщин;Универсальные,,,,,плейбек театр Парафраз Москва,,https://journal.timepad.ru/stories/pleibek-teatr-i-kak-ustroeny-spektakli,medium,,,
C,Бурлеск-кабаре «Мадам Бум»,Москва,viral,шоу,,,2000,https://msk.kassir.ru/koncert/burlesk-kabare-madam-boom-1,Танцевальное бурлеск-кабаре в эстетике винтажа в клубе «Гримёрка»; каждый номер — маленькая театральная история.,"Афиша на сентябрь 2026, продажи через Kassir/Яндекс Афишу; визуально насыщенное шоу для взрослых.",,4,Для двоих;Для женщин;Универсальные,,,,,Гримёрка клуб Москва Мадам Бум,,https://afisha.yandex.ru/moscow/concert/burlesk-kabare-madam-boom,medium,,,
C,Спектакли в темноте «Демон» / «Танго в темноте»,Москва,viral,театр для взрослых,,,1200,https://www.ticketland.ru/teatry/teatr-edinstvo/teatr-plyus-tango-v-temnote/,"Антрепризные спектакли, которые играются в полной темноте (Театр «Единство»/«Театр Плюс»), билеты от 1 200 руб.",Формат «театр в темноте» — редкий и обсуждаемый; хорошо продаётся как сертификат-сюрприз.,,3,Для двоих;Для женщин;Универсальные,,,,,спектакль Танго в темноте Москва,,https://www.afisha.ru/performance/tango-v-temnote-260885/,medium,,,
C,Smash&Crash — комната ярости,Москва,viral,вечеринка-формат,,,4400,https://smashcrash.ru/,Комната ярости с электронными и бумажными подарочными сертификатами; от 4 400 руб. за двоих.,Тот же вирусный формат rage room с готовой сертификатной механикой и брендированной упаковкой.,True,4,Для двоих;Для женщин;Универсальные,,,,,Smash&Crash комната ярости Москва,,https://smashcrash.ru/,high,,,
C,Silent Disco Russia — тихая дискотека,Москва,viral,вечеринка-формат,,,1500,https://silentdiscorussia.ru/tihaya-diskoteka-v-moskve/,"Вечеринки в трёхканальных наушниках в центре Москвы (площадка на Чистопрудном бульваре, 1) и организация silent disco под запрос.",Silent disco — узнаваемый вирусный формат (люди танцуют «в тишине»); нужно проверить регулярность открытых событий.,,4,Для двоих;Для женщин;Универсальные,,,,,Silent Disco Чистопрудный бульвар 1,,https://www.yell.ru/moscow/com/silent-disco_11895520/,low,,,
C,Bellis Karaoke Box,Москва,viral,вечеринка-формат,,,1000,https://avenue-sw.ru/tenant/bellis-karaoke-box,"Сеть приватных караоке-кабинок 2 м² в ТЦ Москвы: профессиональная станция, тач-экран, два микрофона и наушники для пары.","Компактный «караоке-бокс» — фотогеничный и дешёвый формат для reels; альтернатива караоке-комнатам Кино Хауз, уже имеющимся в базе.",,3,Для двоих;Для женщин;Универсальные,,,,,Bellis Karaoke Box Москва,,https://moscow.leadbook.ru/users/Bellis-karaoke-Box,low,,,
C,Иммерсивный детективный круиз «Ривер Палас»,Москва,viral,шоу,,,3500,https://msk.kassir.ru/bilety-v-teatr/immersivnyj-spektakl,Трёхчасовой иммерсивный детектив на теплоходе по Москве-реке: расследование с актёрами на борту.,Совмещает прогулку по реке и иммерсивный спектакль — визуальный и «датовый» формат из афиш 2026.,,4,Для двоих;Для женщин;Универсальные,,,,,теплоход Ривер Палас иммерсивный детектив,,https://msk.kassir.ru/bilety-v-teatr/immersivnyj-spektakl,low,,,
C,Paint and Wine Club — арт-вечеринки (@paintandwineclub),Санкт-Петербург,viral,арт-вечеринка,,,1500,,"Арт-вечеринки «рисуем без навыков» в СПб, вино и закуски включены, от 1500 ₽.",Ещё один Instagram-first организатор арт-вечеринок; низкий чек — удобный входной формат для «girls night». Число подписчиков в сниппете не видно.,,3,Для двоих;Для женщин;Универсальные,https://www.instagram.com/paintandwineclub/,,,,Paint and Wine Club арт-вечеринка Санкт-Петербург,,https://www.instagram.com/paintandwineclub/,low,,,
C,Milas — студия керамики,Санкт-Петербург,viral,керамика,,,,https://milas-spb.ru/,"Гончарные мастер-классы для взрослых и детей, девичники и частные мероприятия.",Ещё одна гончарная студия с упором на события для компаний; соцсети и рейтинг в выдаче не видны — нужна проверка.,,3,Для двоих;Для женщин;Универсальные,,,,,Milas студия керамики Санкт-Петербург,,https://milas-spb.ru/,low,,,
C,Burning Clay — лепка и гончарный круг,Санкт-Петербург,viral,керамика,,,,https://burningclay.ru/,"Мастер-классы по лепке и гончарному кругу; дни рождения, корпоративы, девичники и «встречи с творчеством».",Формат группового творчества под события; визуал и соцсети требуют проверки.,,3,Для двоих;Для женщин;Универсальные,,,,,Burning Clay гончарная студия Санкт-Петербург,,https://burningclay.ru/,low,,,
C,Art Studio 8 — школа живописи и мастер-классы по свечам,Санкт-Петербург,viral,арт-студия,,,,https://artstudio8.ru/,Художественная школа для взрослых в центре Петербурга; помимо живописи проводит мастер-классы по изготовлению свечей (анонсы на KudaGo).,Свечи + живопись в одной студии — формат «girls night»; нужна проверка визуала и соцсетей.,,3,Для двоих;Для женщин;Универсальные,,,,,Art Studio 8 школа живописи Санкт-Петербург,,https://kudago.com/spb/event/obuchenie-master-klass-po-izgotovleniyu-svechej/,low,,,
C,Daily Studio — флористический мастер-класс,Санкт-Петербург,viral,флористика,,,5000,https://daily-studio.ru/masterclass,"Сборка цветочной композиции под руководством старшего флориста, 1,5 часа, 5000 ₽/чел., без ограничения по числу участников.","Цветочная студия с эстетичным продуктом; чек в верхней части диапазона, формат хорошо снимается для Reels.",,4,Для двоих;Для женщин;Универсальные,,,,,Daily Studio цветы Санкт-Петербург,,https://daily-studio.ru/masterclass,medium,Diy Академия,,
C,Арт-студия «Палитра» — флюид-арт и кастомизация одежды,Санкт-Петербург,viral,арт-студия,,,2900,http://spb.palitra.gallery/fluidart,"15+ видов мастер-классов для взрослых и детей: флюид-арт (от 2900 ₽ за картину 30 см), кастомизация одежды и др.",Флюид-арт и кастом — два «вирусных» формата в одной студии; чек в диапазоне сертификата.,,3,Для двоих;Для женщин;Универсальные,,,,,Арт-студия Палитра Санкт-Петербург мастер-классы,,http://spb.palitra.gallery/fluidart,medium,Аэлита,,
C,Стендап-клуб на Грибоедова,Санкт-Петербург,viral,комеди-клуб,,,,,"Стендап-клуб на наб. канала Грибоедова, 38; регулярные шоу («Стендап без цензуры» и др.) продаются через Яндекс Афишу.","Вместе с клубом на Белинского формирует ежедневную стендап-сцену центра; проверить, одна ли это сеть.",,3,Для двоих;Для женщин;Универсальные,,,,,Стендап клуб на Грибоедова 38,,https://2gis.ru/spb/firm/70000001105248196,medium,,,
C,Театр теней Moonlight (Мунлайт),Санкт-Петербург,viral,театр теней,,,500,http://moonlight-shadow.com/,"Пластический театр теней (с 2013), пр. Шаумяна, 22: спектакли для детей и взрослых, интерактивные мастер-классы по теневому театру; билеты 500–900 ₽.","Единственный в России театр в этом жанре; теневые номера — идеальный short-video формат. Instagram 3,1K, YouTube-канал. Низкий чек — скорее МК/приватный показ.",,4,Для двоих;Для женщин;Универсальные,https://www.instagram.com/teatr_teney_moonlight/,3.1K,,,театр теней Moonlight Шаумяна 22,,https://www.instagram.com/teatr_teney_moonlight/,medium,,,
C,Театр «Тень» — цветные тени и иммерсивные теневые спектакли,Санкт-Петербург,viral,театр теней,,,,https://teniteatr.ru/category/spektakli/,Спектакли в редкой технике цветных теней с элементами иммерсивного театра по мотивам древнегреческих мифов.,"Редкая техника с сильным визуалом; данных о площадке, ценах и соцсетях в выдаче мало — низкая уверенность.",,4,Для двоих;Для женщин;Универсальные,,,,,Театр Теней teniteatr Санкт-Петербург,,https://teniteatr.ru/category/spektakli/,low,,,
C,Плейбек-театр «Сталкер»,Санкт-Петербург,viral,плейбек-театр,,,,,"Театр импровизации по методу Морено: зрители рассказывают личные истории, актёры тут же превращают их в сцены.",Интерактивный формат «спектакль про тебя» — эмоциональный UGC; проверить регулярность показов и цену.,,3,Для двоих;Для женщин;Универсальные,,,,,плейбек театр Сталкер Санкт-Петербург,,https://kudago.com/spb/place/plejbek-teatr-stalker/,low,,,
C,Петербургская Плейбэк Студия,Санкт-Петербург,viral,плейбек-театр,,,,https://playbackstudiospb.ru/,Плейбек-спектакли и обучение плейбек-театру в Петербурге (афиша на Кассир.ру).,Второй игрок ниши плейбека; формат для «выхода с подругами» и корпоративов. Детали в выдаче скудные.,,3,Для двоих;Для женщин;Универсальные,,,,,Петербургская Плейбэк Студия,,https://spb.kassir.ru/teatr/playback,low,,,
C,Точка Кипения — комната ярости,Санкт-Петербург,viral,вечеринка-формат / rage room,,,,https://tochka-kipenia.ru/,"Crash-room на Промышленной, 5 для безопасного выражения злости и раздражения.",Третий rage room города; рейтинг и соцсети в выдаче не видны — резерв.,,3,Для двоих;Для женщин;Универсальные,,,,,Точка Кипения комната ярости Промышленная 5,,https://tochka-kipenia.ru/,low,,,
C,Silent EVE — тихие дискотеки в наушниках,Санкт-Петербург,viral,вечеринка-формат / silent disco,,,,https://silenteve.ru/,"Организатор бесшумных мероприятий в СПб (тел. 8 812 649-92-15): silent disco с 2–3 каналами, променад-спектакли в наушниках.","Единственный найденный оператор silent disco с петербургским номером; формат вирусный, но публичных открытых вечеринок 2026 в выдаче нет — скорее B2B/выездной, нужен формат «открытая вечеринка по сертификату».",,3,Для двоих;Для женщин;Универсальные,,,,,Silent EVE тихая дискотека Санкт-Петербург,,https://silenteve.ru/tihaya-diskoteka-v-naushnikax/,low,,,
C,«Калинка Моя» — мастер-класс «лепим пельмени под настойки»,Санкт-Петербург,viral,вечеринка-формат / кулинария,,,,,"Ежемесячный мастер-класс в ресторане: приветственные закуски и напитки, замес теста, начинки, лепка и дегустация пельменей и вареников под фирменные настойки.",Единственный найденный в СПб регулярный формат «лепим пельмени с выпивкой» (аналог «паста с итальянцем»); ресторанная подача и настойки — контент для сторис. Цена в выдаче не указана.,,3,Для двоих;Для женщин;Универсальные,,,,,ресторан Калинка Моя Санкт-Петербург мастер-класс пельмени,,https://chef.ru/news/master-klass-po-lepke-pelmenej-v-restorane-kalinka-moya-sankt-peterburg/,low,,,
